,Date,Open,High,Low,Close,Volume,Dividends,Stock Splits,STOCK_NAME,NSE,Adj Close,Capital Gains
0,2025-08-04,444.0,444.7999877929688,437.0499877929688,441.4500122070313,250458,0.0,0.0,APOLLOTYRE,Nifty Auto,,
1,2025-08-05,442.2999877929688,446.1499938964844,438.75,439.8500061035156,256491,0.0,0.0,APOLLOTYRE,Nifty Auto,,
2,2025-08-06,439.8500061035156,443.8500061035156,431.1000061035156,435.1000061035156,417114,0.0,0.0,APOLLOTYRE,Nifty Auto,,
3,2025-08-07,435.1000061035156,438.3500061035156,427.7000122070313,436.25,227665,0.0,0.0,APOLLOTYRE,Nifty Auto,,
4,2025-08-08,425.6000061035156,437.7999877929688,421.0,434.2000122070313,519716,0.0,0.0,APOLLOTYRE,Nifty Auto,,
5,2025-08-11,434.25,440.9500122070313,430.0,438.8999938964844,282065,0.0,0.0,APOLLOTYRE,Nifty Auto,,
6,2025-08-12,441.0,448.9500122070313,434.7999877929688,446.6499938964844,451459,0.0,0.0,APOLLOTYRE,Nifty Auto,,
7,2025-08-13,446.6499938964844,446.9500122070313,438.0,444.6499938964844,492562,0.0,0.0,APOLLOTYRE,Nifty Auto,,
8,2025-08-14,444.6499938964844,445.6000061035156,430.0499877929688,432.2999877929688,612195,0.0,0.0,APOLLOTYRE,Nifty Auto,,
9,2025-08-04,120.3499984741211,123.3499984741211,120.16000366210938,122.5999984741211,10209776,0.0,0.0,ASHOKLEY,Nifty Auto,,
10,2025-08-05,122.5999984741211,122.9800033569336,121.3000030517578,121.97000122070312,5769803,0.0,0.0,ASHOKLEY,Nifty Auto,,
11,2025-08-06,122.4499969482422,122.48999786376952,120.5500030517578,120.7300033569336,4414208,0.0,0.0,ASHOKLEY,Nifty Auto,,
12,2025-08-07,120.0,121.54000091552734,118.16000366210938,119.80999755859376,10739005,0.0,0.0,ASHOKLEY,Nifty Auto,,
13,2025-08-08,119.80999755859376,120.38999938964844,115.0999984741211,115.41999816894533,10860600,0.0,0.0,ASHOKLEY,Nifty Auto,,
14,2025-08-11,115.9000015258789,120.33999633789062,114.95999908447266,120.0199966430664,13024457,0.0,0.0,ASHOKLEY,Nifty Auto,,
15,2025-08-12,119.52999877929688,120.29000091552734,118.9000015258789,119.36000061035156,4155268,0.0,0.0,ASHOKLEY,Nifty Auto,,
16,2025-08-13,119.6999969482422,121.0500030517578,119.1500015258789,119.7300033569336,4597540,0.0,0.0,ASHOKLEY,Nifty Auto,,
17,2025-08-14,120.0,124.0,119.29000091552734,121.95999908447266,19020549,0.0,0.0,ASHOKLEY,Nifty Auto,,
18,2025-08-04,8044.5,8205.0,8044.5,8187.5,221221,0.0,0.0,BAJAJ-AUTO,Nifty Auto,,
19,2025-08-05,8176.0,8236.5,8130.0,8230.5,194083,0.0,0.0,BAJAJ-AUTO,Nifty Auto,,
20,2025-08-06,8269.0,8269.0,8120.0,8178.5,515934,0.0,0.0,BAJAJ-AUTO,Nifty Auto,,
21,2025-08-07,8070.0,8249.0,7858.5,8229.0,456168,0.0,0.0,BAJAJ-AUTO,Nifty Auto,,
22,2025-08-08,8229.0,8277.0,8185.0,8224.0,282679,0.0,0.0,BAJAJ-AUTO,Nifty Auto,,
23,2025-08-11,8235.0,8300.0,8132.5,8275.0,180274,0.0,0.0,BAJAJ-AUTO,Nifty Auto,,
24,2025-08-12,8275.5,8321.5,8180.0,8196.5,184529,0.0,0.0,BAJAJ-AUTO,Nifty Auto,,
25,2025-08-13,8214.5,8309.5,8189.0,8248.5,367519,0.0,0.0,BAJAJ-AUTO,Nifty Auto,,
26,2025-08-14,8250.0,8280.0,8198.0,8213.5,364270,0.0,0.0,BAJAJ-AUTO,Nifty Auto,,
27,2025-08-04,2578.300048828125,2608.800048828125,2551.0,2579.0,310342,0.0,0.0,BALKRISIND,Nifty Auto,,
28,2025-08-05,2580.0,2585.800048828125,2510.60009765625,2545.10009765625,532752,0.0,0.0,BALKRISIND,Nifty Auto,,
29,2025-08-06,2540.0,2540.0,2390.0,2400.199951171875,346497,0.0,0.0,BALKRISIND,Nifty Auto,,
30,2025-08-07,2397.10009765625,2438.0,2362.10009765625,2425.0,335816,0.0,0.0,BALKRISIND,Nifty Auto,,
31,2025-08-08,2430.0,2441.89990234375,2397.89990234375,2428.39990234375,71460,0.0,0.0,BALKRISIND,Nifty Auto,,
32,2025-08-11,2448.300048828125,2448.300048828125,2391.10009765625,2416.199951171875,210938,0.0,0.0,BALKRISIND,Nifty Auto,,
33,2025-08-12,2429.0,2429.0,2381.300048828125,2411.60009765625,117087,0.0,0.0,BALKRISIND,Nifty Auto,,
34,2025-08-13,2424.89990234375,2425.0,2391.10009765625,2412.300048828125,121774,0.0,0.0,BALKRISIND,Nifty Auto,,
35,2025-08-14,2432.39990234375,2435.0,2387.0,2399.699951171875,60859,0.0,0.0,BALKRISIND,Nifty Auto,,
36,2025-08-04,1145.0,1179.5999755859375,1140.4000244140625,1177.4000244140625,596728,0.0,0.0,BHARATFORG,Nifty Auto,,
37,2025-08-05,1175.0,1177.699951171875,1151.5999755859375,1160.5,384753,0.0,0.0,BHARATFORG,Nifty Auto,,
38,2025-08-06,1151.699951171875,1172.9000244140625,1132.800048828125,1139.4000244140625,1375068,0.0,0.0,BHARATFORG,Nifty Auto,,
39,2025-08-07,1128.0,1165.699951171875,1102.0,1161.5999755859375,2555948,0.0,0.0,BHARATFORG,Nifty Auto,,
40,2025-08-08,1159.0,1170.300048828125,1129.0,1135.199951171875,740040,0.0,0.0,BHARATFORG,Nifty Auto,,
41,2025-08-11,1136.800048828125,1173.300048828125,1129.5,1165.9000244140625,630216,0.0,0.0,BHARATFORG,Nifty Auto,,
42,2025-08-12,1165.9000244140625,1174.300048828125,1150.0,1152.4000244140625,518053,0.0,0.0,BHARATFORG,Nifty Auto,,
43,2025-08-13,1158.0999755859375,1185.5999755859375,1158.0999755859375,1181.5,425145,0.0,0.0,BHARATFORG,Nifty Auto,,
44,2025-08-14,1182.4000244140625,1186.0,1167.0999755859375,1180.5,638001,0.0,0.0,BHARATFORG,Nifty Auto,,
45,2025-08-04,40150.0,41280.0,40035.0,41115.0,66056,0.0,0.0,BOSCHLTD,Nifty Auto,,
46,2025-08-05,41145.0,41290.0,39445.0,40595.0,114355,0.0,0.0,BOSCHLTD,Nifty Auto,,
47,2025-08-06,40500.0,40555.0,38150.0,38255.0,103119,0.0,0.0,BOSCHLTD,Nifty Auto,,
48,2025-08-07,38225.0,38750.0,37900.0,38570.0,54977,0.0,0.0,BOSCHLTD,Nifty Auto,,
49,2025-08-08,38570.0,39150.0,38220.0,38325.0,32516,0.0,0.0,BOSCHLTD,Nifty Auto,,
50,2025-08-11,38540.0,39080.0,38320.0,38710.0,31256,0.0,0.0,BOSCHLTD,Nifty Auto,,
51,2025-08-12,39000.0,39010.0,38540.0,38610.0,20383,0.0,0.0,BOSCHLTD,Nifty Auto,,
52,2025-08-13,38795.0,38910.0,38510.0,38660.0,13806,0.0,0.0,BOSCHLTD,Nifty Auto,,
53,2025-08-14,38880.0,38950.0,38430.0,38585.0,23267,0.0,0.0,BOSCHLTD,Nifty Auto,,
54,2025-08-04,5527.5,5670.0,5520.0,5621.0,505407,0.0,0.0,EICHERMOT,Nifty Auto,,
55,2025-08-05,5625.0,5690.0,5584.5,5681.0,458305,0.0,0.0,EICHERMOT,Nifty Auto,,
56,2025-08-06,5684.5,5712.5,5651.0,5668.0,202535,0.0,0.0,EICHERMOT,Nifty Auto,,
57,2025-08-07,5660.0,5694.5,5588.0,5681.5,266900,0.0,0.0,EICHERMOT,Nifty Auto,,
58,2025-08-08,5681.5,5711.5,5655.5,5663.0,373874,0.0,0.0,EICHERMOT,Nifty Auto,,
59,2025-08-11,5677.0,5708.5,5652.5,5671.5,475811,0.0,0.0,EICHERMOT,Nifty Auto,,
60,2025-08-12,5679.5,5694.0,5643.0,5658.0,429572,0.0,0.0,EICHERMOT,Nifty Auto,,
61,2025-08-13,5658.0,5757.5,5648.5,5714.5,427562,0.0,0.0,EICHERMOT,Nifty Auto,,
62,2025-08-14,5710.0,5785.5,5710.0,5764.0,415010,0.0,0.0,EICHERMOT,Nifty Auto,,
63,2025-08-04,378.5,391.6499938964844,376.7000122070313,390.7999877929688,2081395,0.0,0.0,EXIDEIND,Nifty Auto,,
64,2025-08-05,391.3500061035156,395.5,376.8999938964844,384.75,6696094,0.0,0.0,EXIDEIND,Nifty Auto,,
65,2025-08-06,388.5,391.7000122070313,379.7000122070313,381.5499877929688,4291389,0.0,0.0,EXIDEIND,Nifty Auto,,
66,2025-08-07,380.1000061035156,380.3999938964844,373.2000122070313,379.8999938964844,2467479,0.0,0.0,EXIDEIND,Nifty Auto,,
67,2025-08-08,377.0,381.0,374.25,375.6499938964844,1717927,0.0,0.0,EXIDEIND,Nifty Auto,,
68,2025-08-11,375.6499938964844,380.25,373.5,377.6499938964844,2391804,0.0,0.0,EXIDEIND,Nifty Auto,,
69,2025-08-12,378.0499877929688,379.25,374.8999938964844,376.3999938964844,1747236,0.0,0.0,EXIDEIND,Nifty Auto,,
70,2025-08-13,377.2999877929688,378.2999877929688,375.0499877929688,375.7000122070313,1889570,0.0,0.0,EXIDEIND,Nifty Auto,,
71,2025-08-14,375.7000122070313,376.7999877929688,370.75,374.4500122070313,1245199,0.0,0.0,EXIDEIND,Nifty Auto,,
72,2025-08-04,4315.89990234375,4550.0,4310.10009765625,4535.89990234375,1454995,0.0,0.0,HEROMOTOCO,Nifty Auto,,
73,2025-08-05,4536.0,4581.5,4515.89990234375,4546.7998046875,803505,0.0,0.0,HEROMOTOCO,Nifty Auto,,
74,2025-08-06,4549.60009765625,4549.89990234375,4462.10009765625,4474.89990234375,574216,0.0,0.0,HEROMOTOCO,Nifty Auto,,
75,2025-08-07,4430.0,4674.89990234375,4422.2998046875,4660.7001953125,2121194,0.0,0.0,HEROMOTOCO,Nifty Auto,,
76,2025-08-08,4660.0,4712.0,4588.10009765625,4599.7998046875,972461,0.0,0.0,HEROMOTOCO,Nifty Auto,,
77,2025-08-11,4603.0,4624.7001953125,4539.0,4562.2001953125,455558,0.0,0.0,HEROMOTOCO,Nifty Auto,,
78,2025-08-12,4589.0,4669.60009765625,4571.0,4645.2001953125,723767,0.0,0.0,HEROMOTOCO,Nifty Auto,,
79,2025-08-13,4668.2998046875,4793.5,4650.2001953125,4768.7001953125,1342794,0.0,0.0,HEROMOTOCO,Nifty Auto,,
80,2025-08-14,4770.0,4773.5,4690.5,4708.10009765625,373862,0.0,0.0,HEROMOTOCO,Nifty Auto,,
81,2025-08-04,3170.0,3223.0,3160.0,3200.199951171875,2684012,0.0,0.0,M&M,Nifty Auto,,
82,2025-08-05,3195.0,3222.0,3170.10009765625,3212.199951171875,1805644,0.0,0.0,M&M,Nifty Auto,,
83,2025-08-06,3212.199951171875,3240.10009765625,3178.60009765625,3227.5,1866321,0.0,0.0,M&M,Nifty Auto,,
84,2025-08-07,3198.0,3229.60009765625,3161.10009765625,3211.10009765625,2374621,0.0,0.0,M&M,Nifty Auto,,
85,2025-08-08,3207.0,3214.89990234375,3135.60009765625,3144.199951171875,1721037,0.0,0.0,M&M,Nifty Auto,,
86,2025-08-11,3150.89990234375,3230.0,3130.300048828125,3186.199951171875,2046761,0.0,0.0,M&M,Nifty Auto,,
87,2025-08-12,3186.10009765625,3253.0,3185.10009765625,3236.5,3315978,0.0,0.0,M&M,Nifty Auto,,
88,2025-08-13,3255.0,3300.0,3238.699951171875,3282.199951171875,2436029,0.0,0.0,M&M,Nifty Auto,,
89,2025-08-14,3273.199951171875,3313.5,3262.0,3265.39990234375,1508721,0.0,0.0,M&M,Nifty Auto,,
90,2025-08-04,12326.0,12425.0,12225.0,12365.0,255693,0.0,0.0,MARUTI,Nifty Auto,,
91,2025-08-05,12400.0,12577.0,12370.0,12537.0,233560,0.0,0.0,MARUTI,Nifty Auto,,
92,2025-08-06,12570.0,12619.0,12483.0,12524.0,151608,0.0,0.0,MARUTI,Nifty Auto,,
93,2025-08-07,12525.0,12654.0,12429.0,12632.0,173393,0.0,0.0,MARUTI,Nifty Auto,,
94,2025-08-08,12630.0,12725.0,12564.0,12590.0,247048,0.0,0.0,MARUTI,Nifty Auto,,
95,2025-08-11,12585.0,12734.0,12482.0,12597.0,187230,0.0,0.0,MARUTI,Nifty Auto,,
96,2025-08-12,12620.0,12959.0,12606.0,12840.0,504476,0.0,0.0,MARUTI,Nifty Auto,,
97,2025-08-13,12840.0,12925.0,12752.0,12834.0,252065,0.0,0.0,MARUTI,Nifty Auto,,
98,2025-08-14,12864.0,12956.0,12825.0,12936.0,318580,0.0,0.0,MARUTI,Nifty Auto,,
99,2025-08-04,95.5500030517578,98.5,95.05999755859376,98.3000030517578,9078395,0.0,0.0,MOTHERSON,Nifty Auto,,
100,2025-08-05,98.5,99.08000183105467,96.45999908447266,97.37999725341795,9072134,0.0,0.0,MOTHERSON,Nifty Auto,,
101,2025-08-06,97.5999984741211,97.8000030517578,94.7699966430664,95.3499984741211,11149228,0.0,0.0,MOTHERSON,Nifty Auto,,
102,2025-08-07,94.48999786376952,94.76000213623048,92.55999755859376,94.12000274658205,24236301,0.0,0.0,MOTHERSON,Nifty Auto,,
103,2025-08-08,94.12000274658205,94.54000091552734,91.0,91.4499969482422,9884650,0.0,0.0,MOTHERSON,Nifty Auto,,
104,2025-08-11,91.51000213623048,91.83000183105467,89.69999694824219,90.7699966430664,19734988,0.0,0.0,MOTHERSON,Nifty Auto,,
105,2025-08-12,91.30999755859376,91.75,90.0999984741211,90.2699966430664,7712576,0.0,0.0,MOTHERSON,Nifty Auto,,
106,2025-08-13,91.0,94.58999633789062,89.86000061035156,93.38999938964844,27152026,0.0,0.0,MOTHERSON,Nifty Auto,,
107,2025-08-14,93.0,93.88999938964844,91.62000274658205,93.0999984741211,14771758,0.0,0.0,MOTHERSON,Nifty Auto,,
108,2025-08-04,145900.0,147195.0,143995.0,144285.0,6882,0.0,0.0,MRF,Nifty Auto,,
109,2025-08-05,144600.0,146280.0,144200.0,145845.0,3962,0.0,0.0,MRF,Nifty Auto,,
110,2025-08-06,147000.0,147385.0,145700.0,146385.0,4222,0.0,0.0,MRF,Nifty Auto,,
111,2025-08-07,145500.0,146130.0,143500.0,144265.0,4325,0.0,0.0,MRF,Nifty Auto,,
112,2025-08-08,144700.0,144700.0,142000.0,142715.0,2851,0.0,0.0,MRF,Nifty Auto,,
113,2025-08-11,142850.0,143485.0,141095.0,142170.0,2920,0.0,0.0,MRF,Nifty Auto,,
114,2025-08-12,142170.0,142695.0,137215.0,140535.0,11861,0.0,0.0,MRF,Nifty Auto,,
115,2025-08-13,141700.0,141700.0,138100.0,138840.0,4360,0.0,0.0,MRF,Nifty Auto,,
116,2025-08-14,139000.0,139750.0,137900.0,138475.0,4133,0.0,0.0,MRF,Nifty Auto,,
117,2025-08-04,650.0499877929688,656.7999877929688,646.0,653.5999755859375,8033881,0.0,0.0,TATAMOTORS,Nifty Auto,,
118,2025-08-05,655.9500122070312,658.9000244140625,650.5499877929688,654.5999755859375,6714804,0.0,0.0,TATAMOTORS,Nifty Auto,,
119,2025-08-06,655.0,658.0,650.4000244140625,652.8499755859375,6410830,0.0,0.0,TATAMOTORS,Nifty Auto,,
120,2025-08-07,650.0,651.7000122070312,635.5,646.5,13609913,0.0,0.0,TATAMOTORS,Nifty Auto,,
121,2025-08-08,647.9500122070312,652.9500122070312,630.0,633.7000122070312,10144452,0.0,0.0,TATAMOTORS,Nifty Auto,,
122,2025-08-11,636.2000122070312,655.0,627.0999755859375,653.75,17275390,0.0,0.0,TATAMOTORS,Nifty Auto,,
123,2025-08-12,651.0999755859375,660.9500122070312,650.7999877929688,654.0999755859375,11212223,0.0,0.0,TATAMOTORS,Nifty Auto,,
124,2025-08-13,657.2000122070312,667.0,656.6500244140625,663.75,7557556,0.0,0.0,TATAMOTORS,Nifty Auto,,
125,2025-08-14,666.0,666.5499877929688,657.7000122070312,664.5999755859375,6250494,0.0,0.0,TATAMOTORS,Nifty Auto,,
126,2025-08-04,2890.0,2968.0,2882.60009765625,2942.5,1942925,0.0,0.0,TVSMOTOR,Nifty Auto,,
127,2025-08-05,2951.0,2988.89990234375,2913.0,2983.199951171875,1159503,0.0,0.0,TVSMOTOR,Nifty Auto,,
128,2025-08-06,2980.0,3001.800048828125,2939.89990234375,2952.699951171875,700188,0.0,0.0,TVSMOTOR,Nifty Auto,,
129,2025-08-07,2952.0,3020.10009765625,2931.300048828125,3013.39990234375,830216,0.0,0.0,TVSMOTOR,Nifty Auto,,
130,2025-08-08,3014.89990234375,3024.199951171875,2960.0,2968.89990234375,387198,0.0,0.0,TVSMOTOR,Nifty Auto,,
131,2025-08-11,2985.0,2999.0,2957.300048828125,2981.199951171875,569270,0.0,0.0,TVSMOTOR,Nifty Auto,,
132,2025-08-12,2994.39990234375,3000.0,2955.5,2963.800048828125,612973,0.0,0.0,TVSMOTOR,Nifty Auto,,
133,2025-08-13,2977.800048828125,3044.800048828125,2963.800048828125,3019.199951171875,1546062,0.0,0.0,TVSMOTOR,Nifty Auto,,
134,2025-08-14,3034.0,3039.89990234375,2985.60009765625,3020.300048828125,1075908,0.0,0.0,TVSMOTOR,Nifty Auto,,
135,2025-08-04,1064.4000244140625,1070.0,1059.0,1068.5999755859375,4465845,0.0,0.0,AXISBANK,Nifty Bank,,
136,2025-08-05,1068.0,1079.9000244140625,1062.5,1070.800048828125,5318081,0.0,0.0,AXISBANK,Nifty Bank,,
137,2025-08-06,1074.0,1077.699951171875,1065.5999755859375,1071.0,4216651,0.0,0.0,AXISBANK,Nifty Bank,,
138,2025-08-07,1067.800048828125,1079.699951171875,1064.5,1076.199951171875,5321131,0.0,0.0,AXISBANK,Nifty Bank,,
139,2025-08-08,1073.0,1080.4000244140625,1054.199951171875,1058.0999755859375,5084903,0.0,0.0,AXISBANK,Nifty Bank,,
140,2025-08-11,1058.0999755859375,1075.4000244140625,1052.5999755859375,1073.300048828125,5452775,0.0,0.0,AXISBANK,Nifty Bank,,
141,2025-08-12,1071.0999755859375,1076.5999755859375,1066.300048828125,1070.0,4573025,0.0,0.0,AXISBANK,Nifty Bank,,
142,2025-08-13,1071.0999755859375,1072.800048828125,1063.199951171875,1066.0,4966778,0.0,0.0,AXISBANK,Nifty Bank,,
143,2025-08-14,1067.0,1072.4000244140625,1062.0,1068.199951171875,6761305,0.0,0.0,AXISBANK,Nifty Bank,,
144,2025-08-04,162.57484825560286,167.12329375865627,161.6235471007905,166.5089111328125,5156068,0.0,0.0,BANDHANBNK,Nifty Bank,,
145,2025-08-05,166.50890212685186,167.36111755563462,163.28832285027246,164.38827514648438,3028618,0.0,0.0,BANDHANBNK,Nifty Bank,,
146,2025-08-06,165.2404919118863,165.2900423099046,162.42620470408417,163.0504913330078,4382033,0.0,0.0,BANDHANBNK,Nifty Bank,,
147,2025-08-07,162.01991711409124,165.23059247465176,160.78123273248505,164.62611389160156,4101164,0.0,0.0,BANDHANBNK,Nifty Bank,,
148,2025-08-08,164.64591167380533,167.45029475312603,163.2090409049968,163.69461059570312,3904095,0.0,0.0,BANDHANBNK,Nifty Bank,,
149,2025-08-11,163.74416312629157,165.18103391382866,162.41628204311817,164.55673217773438,2123286,0.0,0.0,BANDHANBNK,Nifty Bank,,
150,2025-08-12,164.55674267863682,166.38008248566692,164.11081931896717,165.19094848632812,2346697,0.0,0.0,BANDHANBNK,Nifty Bank,,
151,2025-08-13,165.43868131737597,166.8656481299235,163.3477814974518,164.1999969482422,2358385,0.0,0.0,BANDHANBNK,Nifty Bank,,
152,2025-08-14,165.8000030517578,165.8000030517578,163.00999450683594,163.3800048828125,2018807,1.5,0.0,BANDHANBNK,Nifty Bank,,
153,2025-08-04,235.16000366210932,241.8999938964844,235.16000366210932,241.1699981689453,5286235,0.0,0.0,BANKBARODA,Nifty Bank,,
154,2025-08-05,240.0,242.2700042724609,239.5,240.6499938964844,2784149,0.0,0.0,BANKBARODA,Nifty Bank,,
155,2025-08-06,240.6499938964844,243.4499969482422,239.3500061035156,241.75,5567926,0.0,0.0,BANKBARODA,Nifty Bank,,
156,2025-08-07,241.0,242.5,237.3000030517578,242.0500030517578,5526019,0.0,0.0,BANKBARODA,Nifty Bank,,
157,2025-08-08,241.0,242.5500030517578,238.509994506836,239.22000122070312,4393052,0.0,0.0,BANKBARODA,Nifty Bank,,
158,2025-08-11,239.22000122070312,244.94000244140625,239.22000122070312,243.97000122070312,8071890,0.0,0.0,BANKBARODA,Nifty Bank,,
159,2025-08-12,243.6000061035156,245.3300018310547,242.63999938964844,243.0800018310547,5778309,0.0,0.0,BANKBARODA,Nifty Bank,,
160,2025-08-13,243.0800018310547,244.8800048828125,241.25,241.8099975585937,4734249,0.0,0.0,BANKBARODA,Nifty Bank,,
161,2025-08-14,241.9900054931641,243.8000030517578,241.3999938964844,242.7700042724609,5398813,0.0,0.0,BANKBARODA,Nifty Bank,,
162,2025-08-04,106.0,107.94000244140624,106.0,107.75,21300202,0.0,0.0,CANBK,Nifty Bank,,
163,2025-08-05,107.75,108.3000030517578,106.9000015258789,107.45999908447266,11549473,0.0,0.0,CANBK,Nifty Bank,,
164,2025-08-06,107.98999786376952,110.0,106.11000061035156,108.7699966430664,40662042,0.0,0.0,CANBK,Nifty Bank,,
165,2025-08-07,108.5,109.19000244140624,106.75,108.8000030517578,12014876,0.0,0.0,CANBK,Nifty Bank,,
166,2025-08-08,108.8000030517578,109.0199966430664,107.54000091552734,107.88999938964844,14136544,0.0,0.0,CANBK,Nifty Bank,,
167,2025-08-11,107.8000030517578,109.88999938964844,107.3000030517578,109.4800033569336,16773203,0.0,0.0,CANBK,Nifty Bank,,
168,2025-08-12,109.69000244140624,110.25,109.04000091552734,109.5500030517578,10606131,0.0,0.0,CANBK,Nifty Bank,,
169,2025-08-13,109.8000030517578,110.48999786376952,108.5500030517578,108.98999786376952,12096926,0.0,0.0,CANBK,Nifty Bank,,
170,2025-08-14,109.5,109.87999725341795,108.62999725341795,109.26000213623048,10879799,0.0,0.0,CANBK,Nifty Bank,,
171,2025-08-04,35.83000183105469,36.09000015258789,35.720001220703125,36.0,4480598,0.0,0.0,CENTRALBK,Nifty Bank,,
172,2025-08-05,36.04999923706055,36.18999862670898,35.599998474121094,35.72999954223633,3424703,0.0,0.0,CENTRALBK,Nifty Bank,,
173,2025-08-06,35.95000076293945,36.04999923706055,35.470001220703125,35.68000030517578,3981430,0.0,0.0,CENTRALBK,Nifty Bank,,
174,2025-08-07,35.43000030517578,35.56999969482422,35.0,35.33000183105469,4372655,0.0,0.0,CENTRALBK,Nifty Bank,,
175,2025-08-08,35.33000183105469,35.88999938964844,35.22999954223633,35.77000045776367,3516578,0.0,0.0,CENTRALBK,Nifty Bank,,
176,2025-08-11,35.77000045776367,36.040000915527344,35.45000076293945,35.900001525878906,3272830,0.0,0.0,CENTRALBK,Nifty Bank,,
177,2025-08-12,35.900001525878906,36.2599983215332,35.79999923706055,36.18999862670898,3281461,0.0,0.0,CENTRALBK,Nifty Bank,,
178,2025-08-13,36.29999923706055,36.4900016784668,35.900001525878906,35.970001220703125,2509817,0.0,0.0,CENTRALBK,Nifty Bank,,
179,2025-08-14,36.06999969482422,36.20000076293945,35.86000061035156,36.11000061035156,2170704,0.0,0.0,CENTRALBK,Nifty Bank,,
180,2025-08-04,185.8000030517578,197.0399932861328,185.1100006103516,196.4600067138672,39513112,0.0,0.0,FEDERALBNK,Nifty Bank,,
181,2025-08-05,195.47999572753903,196.8999938964844,194.0800018310547,196.0399932861328,5819712,0.0,0.0,FEDERALBNK,Nifty Bank,,
182,2025-08-06,196.47999572753903,197.759994506836,194.6000061035156,197.3699951171875,7011622,0.0,0.0,FEDERALBNK,Nifty Bank,,
183,2025-08-07,195.6100006103516,199.2700042724609,195.0,198.6300048828125,6357907,0.0,0.0,FEDERALBNK,Nifty Bank,,
184,2025-08-08,198.6000061035156,199.72999572753903,195.759994506836,196.3500061035156,7038453,0.0,0.0,FEDERALBNK,Nifty Bank,,
185,2025-08-11,196.3500061035156,198.0,195.6499938964844,196.69000244140625,8062362,0.0,0.0,FEDERALBNK,Nifty Bank,,
186,2025-08-12,197.0,197.25,195.57000732421875,195.97999572753903,5218014,0.0,0.0,FEDERALBNK,Nifty Bank,,
187,2025-08-13,197.0,197.8999938964844,195.44000244140625,196.19000244140625,6992167,0.0,0.0,FEDERALBNK,Nifty Bank,,
188,2025-08-14,196.38999938964844,196.67999267578125,194.9900054931641,195.8600006103516,2679922,0.0,0.0,FEDERALBNK,Nifty Bank,,
189,2025-08-04,2010.0999755859373,2018.5,1988.0999755859373,1992.0,6966973,0.0,0.0,HDFCBANK,Nifty Bank,,
190,2025-08-05,1986.5,1994.4000244140625,1965.5,1977.5999755859373,11989029,0.0,0.0,HDFCBANK,Nifty Bank,,
191,2025-08-06,1971.0999755859373,1988.0,1970.0,1985.300048828125,7040102,0.0,0.0,HDFCBANK,Nifty Bank,,
192,2025-08-07,1980.0999755859373,2001.5999755859373,1976.800048828125,1995.4000244140625,6540593,0.0,0.0,HDFCBANK,Nifty Bank,,
193,2025-08-08,1987.0999755859373,1992.800048828125,1970.0,1973.9000244140625,6947632,0.0,0.0,HDFCBANK,Nifty Bank,,
194,2025-08-11,1975.9000244140625,1997.5999755859373,1973.0999755859373,1995.5999755859373,4552927,0.0,0.0,HDFCBANK,Nifty Bank,,
195,2025-08-12,1991.9000244140625,1996.0,1967.5,1969.9000244140625,6468901,0.0,0.0,HDFCBANK,Nifty Bank,,
196,2025-08-13,1994.0,1994.0,1969.0999755859373,1980.300048828125,6788698,0.0,0.0,HDFCBANK,Nifty Bank,,
197,2025-08-14,1978.0,1996.0,1971.199951171875,1991.0999755859373,8755858,0.0,0.0,HDFCBANK,Nifty Bank,,
198,2025-08-04,1465.492177404952,1467.4768633867377,1450.1108610461113,1451.9962158203125,6140054,0.0,0.0,ICICIBANK,Nifty Bank,,
199,2025-08-05,1441.8743352750153,1450.3092505192255,1429.96621963613,1433.3402099609375,14799343,0.0,0.0,ICICIBANK,Nifty Bank,,
200,2025-08-06,1431.2564134495642,1442.866778550362,1430.561700640964,1432.54638671875,7805252,0.0,0.0,ICICIBANK,Nifty Bank,,
201,2025-08-07,1430.0655302659995,1436.813511390122,1418.1574137897542,1429.271728515625,7432535,0.0,0.0,ICICIBANK,Nifty Bank,,
202,2025-08-08,1434.82882590882,1436.5157606227417,1421.0352334242946,1424.9053955078125,5415511,0.0,0.0,ICICIBANK,Nifty Bank,,
203,2025-08-11,1416.9666396615337,1427.3862414978396,1409.5240669213151,1425.5999755859375,8492484,0.0,0.0,ICICIBANK,Nifty Bank,,
204,2025-08-12,1431.0,1433.800048828125,1420.0999755859375,1422.0,5913947,11.0,0.0,ICICIBANK,Nifty Bank,,
205,2025-08-13,1424.5999755859375,1427.699951171875,1415.199951171875,1420.800048828125,9009465,0.0,0.0,ICICIBANK,Nifty Bank,,
206,2025-08-14,1412.0,1431.0999755859375,1412.0,1427.300048828125,7577793,0.0,0.0,ICICIBANK,Nifty Bank,,
207,2025-08-04,67.58000183105469,69.45999908447266,67.30000305175781,69.33000183105469,16448393,0.0,0.0,IDFCFIRSTB,Nifty Bank,,
208,2025-08-05,69.62999725341797,69.70999908447266,68.91999816894531,69.33000183105469,10949883,0.0,0.0,IDFCFIRSTB,Nifty Bank,,
209,2025-08-06,69.48999786376953,69.63999938964844,68.22000122070312,68.73999786376953,12903967,0.0,0.0,IDFCFIRSTB,Nifty Bank,,
210,2025-08-07,68.30000305175781,69.48999786376953,67.62000274658203,69.2300033569336,13467202,0.0,0.0,IDFCFIRSTB,Nifty Bank,,
211,2025-08-08,69.2300033569336,70.37000274658203,68.81999969482422,69.11000061035156,12792924,0.0,0.0,IDFCFIRSTB,Nifty Bank,,
212,2025-08-11,69.11000061035156,70.16999816894531,69.11000061035156,69.68000030517578,12840750,0.0,0.0,IDFCFIRSTB,Nifty Bank,,
213,2025-08-12,69.9000015258789,70.19999694824219,69.0,69.05999755859375,10167500,0.0,0.0,IDFCFIRSTB,Nifty Bank,,
214,2025-08-13,69.12999725341797,70.33999633789062,69.12999725341797,69.9000015258789,13878553,0.0,0.0,IDFCFIRSTB,Nifty Bank,,
215,2025-08-14,69.9000015258789,70.0,68.55999755859375,68.7699966430664,12414379,0.0,0.0,IDFCFIRSTB,Nifty Bank,,
216,2025-08-04,783.0,805.5999755859375,781.0,804.0499877929688,2980888,0.0,0.0,INDUSINDBK,Nifty Bank,,
217,2025-08-05,820.0,848.7000122070312,810.0499877929688,819.1500244140625,18982770,0.0,0.0,INDUSINDBK,Nifty Bank,,
218,2025-08-06,822.0,822.0,795.4000244140625,803.3499755859375,5249912,0.0,0.0,INDUSINDBK,Nifty Bank,,
219,2025-08-07,801.8499755859375,810.0,789.0999755859375,807.3499755859375,2553303,0.0,0.0,INDUSINDBK,Nifty Bank,,
220,2025-08-08,806.5999755859375,808.5,779.0,782.4500122070312,2490574,0.0,0.0,INDUSINDBK,Nifty Bank,,
221,2025-08-11,784.5,790.0999755859375,777.8499755859375,783.25,1629229,0.0,0.0,INDUSINDBK,Nifty Bank,,
222,2025-08-12,784.0499877929688,791.3499755859375,780.7999877929688,783.0499877929688,1462522,0.0,0.0,INDUSINDBK,Nifty Bank,,
223,2025-08-13,787.0,787.7999877929688,766.7000122070312,773.4500122070312,4114205,0.0,0.0,INDUSINDBK,Nifty Bank,,
224,2025-08-14,773.4500122070312,779.7999877929688,765.7000122070312,769.75,1859573,0.0,0.0,INDUSINDBK,Nifty Bank,,
225,2025-08-04,36.95000076293945,37.20000076293945,36.650001525878906,37.040000915527344,3248540,0.0,0.0,IOB,Nifty Bank,,
226,2025-08-05,37.040000915527344,37.33000183105469,36.79999923706055,36.900001525878906,2517783,0.0,0.0,IOB,Nifty Bank,,
227,2025-08-06,36.88999938964844,37.150001525878906,36.25,36.400001525878906,3941451,0.0,0.0,IOB,Nifty Bank,,
228,2025-08-07,36.15999984741211,36.380001068115234,35.540000915527344,36.13999938964844,4558070,0.0,0.0,IOB,Nifty Bank,,
229,2025-08-08,36.25,36.68999862670898,35.650001525878906,35.810001373291016,3660905,0.0,0.0,IOB,Nifty Bank,,
230,2025-08-11,36.18999862670898,36.18999862670898,35.5099983215332,36.0,3098058,0.0,0.0,IOB,Nifty Bank,,
231,2025-08-12,36.040000915527344,36.27000045776367,35.93000030517578,36.18000030517578,2375020,0.0,0.0,IOB,Nifty Bank,,
232,2025-08-13,36.400001525878906,36.63999938964844,36.04999923706055,36.119998931884766,2838561,0.0,0.0,IOB,Nifty Bank,,
233,2025-08-14,36.25,36.33000183105469,35.970001220703125,36.16999816894531,2337002,0.0,0.0,IOB,Nifty Bank,,
234,2025-08-04,1987.0,2007.0,1982.0999755859373,1997.0,1543261,0.0,0.0,KOTAKBANK,Nifty Bank,,
235,2025-08-05,2008.0,2008.0,1994.800048828125,2003.0,2421332,0.0,0.0,KOTAKBANK,Nifty Bank,,
236,2025-08-06,2003.0,2025.5999755859373,1992.699951171875,2002.4000244140625,2662279,0.0,0.0,KOTAKBANK,Nifty Bank,,
237,2025-08-07,1981.0,1995.5,1965.0,1992.0999755859373,14552199,0.0,0.0,KOTAKBANK,Nifty Bank,,
238,2025-08-08,1993.9000244140625,1999.5,1948.199951171875,1952.699951171875,2185729,0.0,0.0,KOTAKBANK,Nifty Bank,,
239,2025-08-11,1964.0,2024.0,1956.4000244140625,1975.9000244140625,2202513,0.0,0.0,KOTAKBANK,Nifty Bank,,
240,2025-08-12,1975.0,1985.9000244140625,1956.4000244140625,1959.0,1577824,0.0,0.0,KOTAKBANK,Nifty Bank,,
241,2025-08-13,1968.0,1996.300048828125,1962.199951171875,1987.699951171875,2746733,0.0,0.0,KOTAKBANK,Nifty Bank,,
242,2025-08-14,1988.0,1993.5,1975.5,1978.199951171875,1984593,0.0,0.0,KOTAKBANK,Nifty Bank,,
243,2025-08-04,54.27000045776367,55.34999847412109,54.09999847412109,55.22999954223633,6467047,0.0,0.0,MAHABANK,Nifty Bank,,
244,2025-08-05,55.25,55.650001525878906,55.0,55.119998931884766,4001138,0.0,0.0,MAHABANK,Nifty Bank,,
245,2025-08-06,55.119998931884766,55.34000015258789,53.709999084472656,53.959999084472656,7342758,0.0,0.0,MAHABANK,Nifty Bank,,
246,2025-08-07,53.7400016784668,53.959999084472656,52.25,53.56999969482422,6729018,0.0,0.0,MAHABANK,Nifty Bank,,
247,2025-08-08,53.9900016784668,55.91999816894531,53.70000076293945,55.65999984741211,16178429,0.0,0.0,MAHABANK,Nifty Bank,,
248,2025-08-11,55.790000915527344,56.25,55.209999084472656,55.47999954223633,5101864,0.0,0.0,MAHABANK,Nifty Bank,,
249,2025-08-12,55.459999084472656,55.97999954223633,55.0099983215332,55.68000030517578,4476773,0.0,0.0,MAHABANK,Nifty Bank,,
250,2025-08-13,55.5,56.06999969482422,54.95000076293945,55.060001373291016,3143796,0.0,0.0,MAHABANK,Nifty Bank,,
251,2025-08-14,55.16999816894531,55.34000015258789,54.0,54.38999938964844,3944961,0.0,0.0,MAHABANK,Nifty Bank,,
252,2025-08-04,103.12000274658205,104.9499969482422,103.0,104.66000366210938,14966403,0.0,0.0,PNB,Nifty Bank,,
253,2025-08-05,104.9000015258789,105.13999938964844,103.31999969482422,103.66000366210938,12126864,0.0,0.0,PNB,Nifty Bank,,
254,2025-08-06,103.8000030517578,104.8000030517578,102.8499984741211,103.83000183105467,15512043,0.0,0.0,PNB,Nifty Bank,,
255,2025-08-07,103.5,104.94000244140624,102.58999633789062,104.69000244140624,13506257,0.0,0.0,PNB,Nifty Bank,,
256,2025-08-08,104.69000244140624,104.87999725341795,103.5,103.9499969482422,8369676,0.0,0.0,PNB,Nifty Bank,,
257,2025-08-11,103.98999786376952,106.75,103.83999633789062,106.54000091552734,18974904,0.0,0.0,PNB,Nifty Bank,,
258,2025-08-12,106.86000061035156,107.25,106.06999969482422,106.6500015258789,12072884,0.0,0.0,PNB,Nifty Bank,,
259,2025-08-13,107.0,107.37999725341795,106.16000366210938,106.63999938964844,8965266,0.0,0.0,PNB,Nifty Bank,,
260,2025-08-14,106.6500015258789,107.1500015258789,105.87999725341795,106.27999877929688,6165564,0.0,0.0,PNB,Nifty Bank,,
261,2025-08-04,261.0,265.8999938964844,256.3999938964844,265.3500061035156,8799626,0.0,0.0,RBLBANK,Nifty Bank,,
262,2025-08-05,265.25,267.0,262.95001220703125,265.70001220703125,8145965,0.0,0.0,RBLBANK,Nifty Bank,,
263,2025-08-06,265.1000061035156,266.70001220703125,257.04998779296875,260.04998779296875,9579434,0.0,0.0,RBLBANK,Nifty Bank,,
264,2025-08-07,258.0,270.0,256.95001220703125,267.1000061035156,11752448,0.0,0.0,RBLBANK,Nifty Bank,,
265,2025-08-08,267.25,271.45001220703125,260.0,261.70001220703125,12309605,0.0,0.0,RBLBANK,Nifty Bank,,
266,2025-08-11,261.95001220703125,265.70001220703125,257.1000061035156,258.5,6857205,0.0,0.0,RBLBANK,Nifty Bank,,
267,2025-08-12,258.8999938964844,260.25,251.6999969482422,253.3500061035156,3617487,0.0,0.0,RBLBANK,Nifty Bank,,
268,2025-08-13,254.3500061035156,258.29998779296875,252.1999969482422,253.8000030517578,4069168,0.0,0.0,RBLBANK,Nifty Bank,,
269,2025-08-14,254.6999969482422,257.04998779296875,250.5,251.8500061035156,3622770,0.0,0.0,RBLBANK,Nifty Bank,,
270,2025-08-04,794.5,797.2000122070312,786.5499877929688,795.7000122070312,8820724,0.0,0.0,SBIN,Nifty Bank,,
271,2025-08-05,798.0,804.0499877929688,796.2999877929688,800.5999755859375,7381537,0.0,0.0,SBIN,Nifty Bank,,
272,2025-08-06,800.9500122070312,810.2000122070312,799.0,805.1500244140625,7409396,0.0,0.0,SBIN,Nifty Bank,,
273,2025-08-07,801.0999755859375,806.6500244140625,793.4000244140625,805.1500244140625,7091392,0.0,0.0,SBIN,Nifty Bank,,
274,2025-08-08,805.0,807.7999877929688,790.0,804.2999877929688,15708181,0.0,0.0,SBIN,Nifty Bank,,
275,2025-08-11,808.0,825.0,808.0,823.4500122070312,15236297,0.0,0.0,SBIN,Nifty Bank,,
276,2025-08-12,824.9500122070312,825.5,820.0,820.5999755859375,7986728,0.0,0.0,SBIN,Nifty Bank,,
277,2025-08-13,822.6500244140625,824.9500122070312,820.6500244140625,821.8499755859375,4447508,0.0,0.0,SBIN,Nifty Bank,,
278,2025-08-14,822.0,828.0,819.0999755859375,826.5499877929688,7087573,0.0,0.0,SBIN,Nifty Bank,,
279,2025-08-04,28.838438636265096,29.006161415777267,28.41419855386384,28.512859344482425,7112365,0.0,0.0,SOUTHBANK,Nifty Bank,,
280,2025-08-05,28.512859040676645,28.887769664672952,28.39446759863426,28.463529586791992,5015283,0.0,0.0,SOUTHBANK,Nifty Bank,,
281,2025-08-06,28.650985956657003,28.789109938072347,27.97022855348488,28.57205581665039,9335888,0.0,0.0,SOUTHBANK,Nifty Bank,,
282,2025-08-07,28.414198101734662,28.907500165180046,28.364868648109343,28.798974990844727,8674741,0.0,0.0,SOUTHBANK,Nifty Bank,,
283,2025-08-08,28.70031464750352,29.154151649658168,28.59178758968477,28.808841705322266,7409458,0.0,0.0,SOUTHBANK,Nifty Bank,,
284,2025-08-11,28.907500577898908,29.20348294927076,28.82857232189269,29.10482215881348,6883724,0.0,0.0,SOUTHBANK,Nifty Bank,,
285,2025-08-12,29.252813138476306,29.548795517283697,29.17388488048729,29.46000099182129,7581090,0.0,0.0,SOUTHBANK,Nifty Bank,,
286,2025-08-13,29.64999961853028,29.850000381469727,29.39999961853028,29.51000022888184,5704559,0.4,0.0,SOUTHBANK,Nifty Bank,,
287,2025-08-14,29.76000022888184,30.14999961853028,28.8700008392334,29.299999237060547,8802453,0.0,0.0,SOUTHBANK,Nifty Bank,,
288,2025-08-04,29.200000762939453,29.549999237060547,28.90999984741211,28.989999771118164,9462300,0.0,0.0,UCOBANK,Nifty Bank,,
289,2025-08-05,29.01000022888184,29.350000381469727,28.809999465942383,28.940000534057617,4176880,0.0,0.0,UCOBANK,Nifty Bank,,
290,2025-08-06,29.0,29.11000061035156,28.280000686645508,28.36000061035156,7444083,0.0,0.0,UCOBANK,Nifty Bank,,
291,2025-08-07,28.299999237060547,28.39999961853028,27.799999237060547,28.13999938964844,7252298,0.0,0.0,UCOBANK,Nifty Bank,,
292,2025-08-08,28.14999961853028,28.549999237060547,27.8700008392334,28.0,7428476,0.0,0.0,UCOBANK,Nifty Bank,,
293,2025-08-11,28.14999961853028,28.31999969482422,27.850000381469727,28.049999237060547,7636981,0.0,0.0,UCOBANK,Nifty Bank,,
294,2025-08-12,28.14999961853028,28.440000534057617,27.950000762939453,28.32999992370605,8055448,0.0,0.0,UCOBANK,Nifty Bank,,
295,2025-08-13,28.450000762939453,28.600000381469727,28.01000022888184,28.040000915527344,5174013,0.0,0.0,UCOBANK,Nifty Bank,,
296,2025-08-14,28.100000381469727,28.46999931335449,27.89999961853028,28.06999969482422,8513628,0.0,0.0,UCOBANK,Nifty Bank,,
297,2025-08-04,128.6199951171875,129.42999267578125,127.13999938964844,129.0399932861328,12083279,0.0,0.0,UNIONBANK,Nifty Bank,,
298,2025-08-05,128.89999389648438,129.8699951171875,127.18000030517578,127.9800033569336,14449850,0.0,0.0,UNIONBANK,Nifty Bank,,
299,2025-08-06,128.14999389648438,131.6300048828125,127.80999755859376,131.02000427246094,11985730,0.0,0.0,UNIONBANK,Nifty Bank,,
300,2025-08-07,130.0,132.8000030517578,129.63999938964844,132.4499969482422,12184697,0.0,0.0,UNIONBANK,Nifty Bank,,
301,2025-08-08,132.0,132.5500030517578,130.5,130.97999572753906,6249295,0.0,0.0,UNIONBANK,Nifty Bank,,
302,2025-08-11,131.0,134.9600067138672,130.97999572753906,134.77999877929688,10231895,0.0,0.0,UNIONBANK,Nifty Bank,,
303,2025-08-12,135.4499969482422,137.0,134.9600067138672,135.5399932861328,8579446,0.0,0.0,UNIONBANK,Nifty Bank,,
304,2025-08-13,136.0,136.94000244140625,134.80999755859375,135.69000244140625,6376913,0.0,0.0,UNIONBANK,Nifty Bank,,
305,2025-08-14,136.0,136.47999572753906,134.1199951171875,134.83999633789062,5981897,0.0,0.0,UNIONBANK,Nifty Bank,,
306,2025-08-04,1696.0,1750.0,1691.0,1739.4000244140625,291097,0.0,0.0,BLUESTARCO,Nifty Consumer Durables,,
307,2025-08-05,1740.0,1774.0999755859375,1738.800048828125,1750.699951171875,386793,0.0,0.0,BLUESTARCO,Nifty Consumer Durables,,
308,2025-08-06,1755.0999755859375,1825.0,1722.199951171875,1770.4000244140625,491528,0.0,0.0,BLUESTARCO,Nifty Consumer Durables,,
309,2025-08-07,1735.199951171875,1839.0,1735.199951171875,1827.5,1574061,0.0,0.0,BLUESTARCO,Nifty Consumer Durables,,
310,2025-08-08,1830.0,1830.300048828125,1763.0,1800.300048828125,631672,0.0,0.0,BLUESTARCO,Nifty Consumer Durables,,
311,2025-08-11,1794.9000244140625,1794.9000244140625,1740.0,1761.9000244140625,716175,0.0,0.0,BLUESTARCO,Nifty Consumer Durables,,
312,2025-08-12,1761.9000244140625,1775.0,1709.5,1745.5999755859375,407025,0.0,0.0,BLUESTARCO,Nifty Consumer Durables,,
313,2025-08-13,1750.9000244140625,1774.800048828125,1745.0,1755.800048828125,152116,0.0,0.0,BLUESTARCO,Nifty Consumer Durables,,
314,2025-08-14,1757.5999755859375,1801.0,1745.9000244140625,1785.199951171875,288357,0.0,0.0,BLUESTARCO,Nifty Consumer Durables,,
315,2025-08-04,321.79998779296875,327.6000061035156,319.6499938964844,327.1000061035156,1375813,0.0,0.0,CROMPTON,Nifty Consumer Durables,,
316,2025-08-05,327.1000061035156,327.1000061035156,321.04998779296875,323.25,2867169,0.0,0.0,CROMPTON,Nifty Consumer Durables,,
317,2025-08-06,322.95001220703125,324.04998779296875,317.6000061035156,319.0,2591418,0.0,0.0,CROMPTON,Nifty Consumer Durables,,
318,2025-08-07,319.0,322.75,317.0,319.3500061035156,2424367,0.0,0.0,CROMPTON,Nifty Consumer Durables,,
319,2025-08-08,315.0,323.0,315.0,319.70001220703125,3901406,0.0,0.0,CROMPTON,Nifty Consumer Durables,,
320,2025-08-11,318.1000061035156,320.29998779296875,314.0,317.8500061035156,1767812,0.0,0.0,CROMPTON,Nifty Consumer Durables,,
321,2025-08-12,317.8500061035156,321.6499938964844,315.20001220703125,317.3500061035156,1890781,0.0,0.0,CROMPTON,Nifty Consumer Durables,,
322,2025-08-13,317.75,321.1000061035156,316.75,318.5,1579937,0.0,0.0,CROMPTON,Nifty Consumer Durables,,
323,2025-08-14,320.0,324.25,319.3999938964844,319.79998779296875,1246603,0.0,0.0,CROMPTON,Nifty Consumer Durables,,
324,2025-08-04,16896.0,17129.0,16820.0,17002.0,208266,0.0,0.0,DIXON,Nifty Consumer Durables,,
325,2025-08-05,17002.0,17099.0,16763.0,16849.0,208975,0.0,0.0,DIXON,Nifty Consumer Durables,,
326,2025-08-06,16849.0,16881.0,16458.0,16513.0,250727,0.0,0.0,DIXON,Nifty Consumer Durables,,
327,2025-08-07,16250.0,16698.0,16250.0,16663.0,232821,0.0,0.0,DIXON,Nifty Consumer Durables,,
328,2025-08-08,16690.0,16700.0,15810.0,15864.0,328403,0.0,0.0,DIXON,Nifty Consumer Durables,,
329,2025-08-11,15780.0,16195.0,15780.0,16088.0,298880,0.0,0.0,DIXON,Nifty Consumer Durables,,
330,2025-08-12,16088.0,16120.0,15801.0,15828.0,164396,0.0,0.0,DIXON,Nifty Consumer Durables,,
331,2025-08-13,15900.0,16070.0,15593.0,15952.0,235815,0.0,0.0,DIXON,Nifty Consumer Durables,,
332,2025-08-14,15953.0,16216.0,15950.0,16191.0,204312,0.0,0.0,DIXON,Nifty Consumer Durables,,
333,2025-08-04,1482.5999755859375,1511.800048828125,1472.199951171875,1508.5999755859375,418757,0.0,0.0,HAVELLS,Nifty Consumer Durables,,
334,2025-08-05,1508.5999755859375,1516.4000244140625,1495.0,1502.800048828125,494352,0.0,0.0,HAVELLS,Nifty Consumer Durables,,
335,2025-08-06,1502.0,1507.5,1477.4000244140625,1488.699951171875,881779,0.0,0.0,HAVELLS,Nifty Consumer Durables,,
336,2025-08-07,1479.9000244140625,1503.699951171875,1472.800048828125,1494.699951171875,822755,0.0,0.0,HAVELLS,Nifty Consumer Durables,,
337,2025-08-08,1504.699951171875,1506.800048828125,1484.0999755859375,1491.5999755859375,716786,0.0,0.0,HAVELLS,Nifty Consumer Durables,,
338,2025-08-11,1490.0,1490.0,1451.4000244140625,1474.199951171875,1445173,0.0,0.0,HAVELLS,Nifty Consumer Durables,,
339,2025-08-12,1480.4000244140625,1482.0,1452.5,1464.800048828125,1076222,0.0,0.0,HAVELLS,Nifty Consumer Durables,,
340,2025-08-13,1468.0,1477.4000244140625,1459.0,1465.9000244140625,557221,0.0,0.0,HAVELLS,Nifty Consumer Durables,,
341,2025-08-14,1467.4000244140625,1494.9000244140625,1463.0999755859375,1479.199951171875,861774,0.0,0.0,HAVELLS,Nifty Consumer Durables,,
342,2025-08-04,6744.5,6938.0,6683.0,6919.5,367819,0.0,0.0,POLYCAB,Nifty Consumer Durables,,
343,2025-08-05,6931.5,6953.5,6884.5,6925.5,208115,0.0,0.0,POLYCAB,Nifty Consumer Durables,,
344,2025-08-06,6950.0,6950.0,6680.0,6825.0,444662,0.0,0.0,POLYCAB,Nifty Consumer Durables,,
345,2025-08-07,6790.0,6903.5,6746.0,6881.0,193378,0.0,0.0,POLYCAB,Nifty Consumer Durables,,
346,2025-08-08,6852.5,6905.0,6718.5,6741.0,148921,0.0,0.0,POLYCAB,Nifty Consumer Durables,,
347,2025-08-11,6759.5,6810.0,6675.5,6757.5,140792,0.0,0.0,POLYCAB,Nifty Consumer Durables,,
348,2025-08-12,6764.0,6823.0,6620.0,6803.5,522463,0.0,0.0,POLYCAB,Nifty Consumer Durables,,
349,2025-08-13,6827.0,6980.5,6820.0,6966.0,255672,0.0,0.0,POLYCAB,Nifty Consumer Durables,,
350,2025-08-14,6975.0,6983.0,6904.5,6970.0,143368,0.0,0.0,POLYCAB,Nifty Consumer Durables,,
351,2025-08-04,181.9900054931641,188.69000244140625,180.0,187.47000122070312,444126,0.0,0.0,RAJESHEXPO,Nifty Consumer Durables,,
352,2025-08-05,187.9900054931641,192.0,183.4900054931641,189.1100006103516,519762,0.0,0.0,RAJESHEXPO,Nifty Consumer Durables,,
353,2025-08-06,187.009994506836,188.38999938964844,180.0,180.7899932861328,658185,0.0,0.0,RAJESHEXPO,Nifty Consumer Durables,,
354,2025-08-07,180.0,183.5,177.30999755859375,180.1999969482422,483158,0.0,0.0,RAJESHEXPO,Nifty Consumer Durables,,
355,2025-08-08,181.0,182.4900054931641,176.02000427246094,176.9600067138672,304237,0.0,0.0,RAJESHEXPO,Nifty Consumer Durables,,
356,2025-08-11,176.99000549316406,177.80999755859375,174.47000122070312,176.49000549316406,273799,0.0,0.0,RAJESHEXPO,Nifty Consumer Durables,,
357,2025-08-12,177.36000061035156,180.0,176.94000244140625,178.63999938964844,298285,0.0,0.0,RAJESHEXPO,Nifty Consumer Durables,,
358,2025-08-13,178.99000549316406,181.6300048828125,177.88999938964844,179.00999450683594,279945,0.0,0.0,RAJESHEXPO,Nifty Consumer Durables,,
359,2025-08-14,178.64999389648438,179.63999938964844,175.0,176.14999389648438,227019,0.0,0.0,RAJESHEXPO,Nifty Consumer Durables,,
360,2025-08-04,1077.005418804948,1077.005418804948,1042.2408231821632,1053.02978515625,88351,0.0,0.0,SYMPHONY,Nifty Consumer Durables,,
361,2025-08-05,1048.9339158934122,1058.2245222127312,1009.4740209621838,1019.1641845703124,99881,0.0,0.0,SYMPHONY,Nifty Consumer Durables,,
362,2025-08-06,1018.9643618898205,1018.9643618898205,979.0049751490432,983.9000244140624,72981,0.0,0.0,SYMPHONY,Nifty Consumer Durables,,
363,2025-08-07,994.5999755859376,994.5999755859376,963.2000122070312,974.0999755859376,84999,1.0,0.0,SYMPHONY,Nifty Consumer Durables,,
364,2025-08-08,974.0,974.9000244140624,955.0,959.4000244140624,53870,0.0,0.0,SYMPHONY,Nifty Consumer Durables,,
365,2025-08-11,963.0,980.9000244140624,939.0,961.5999755859376,65453,0.0,0.0,SYMPHONY,Nifty Consumer Durables,,
366,2025-08-12,973.5999755859376,973.5999755859376,956.2000122070312,958.4000244140624,36405,0.0,0.0,SYMPHONY,Nifty Consumer Durables,,
367,2025-08-13,955.0,960.9000244140624,951.2000122070312,954.7000122070312,39889,0.0,0.0,SYMPHONY,Nifty Consumer Durables,,
368,2025-08-14,964.2000122070312,964.2999877929688,941.0,944.2999877929688,32217,0.0,0.0,SYMPHONY,Nifty Consumer Durables,,
369,2025-08-04,3315.0,3365.0,3308.10009765625,3356.300048828125,450434,0.0,0.0,TITAN,Nifty Consumer Durables,,
370,2025-08-05,3356.300048828125,3443.0,3348.0,3418.199951171875,837335,0.0,0.0,TITAN,Nifty Consumer Durables,,
371,2025-08-06,3437.0,3462.39990234375,3400.0,3417.699951171875,635456,0.0,0.0,TITAN,Nifty Consumer Durables,,
372,2025-08-07,3380.0,3437.0,3377.699951171875,3415.699951171875,509599,0.0,0.0,TITAN,Nifty Consumer Durables,,
373,2025-08-08,3450.10009765625,3489.800048828125,3403.10009765625,3460.199951171875,2184271,0.0,0.0,TITAN,Nifty Consumer Durables,,
374,2025-08-11,3473.0,3487.300048828125,3402.800048828125,3467.89990234375,563586,0.0,0.0,TITAN,Nifty Consumer Durables,,
375,2025-08-12,3467.89990234375,3534.0,3460.10009765625,3486.800048828125,929276,0.0,0.0,TITAN,Nifty Consumer Durables,,
376,2025-08-13,3486.800048828125,3494.89990234375,3463.199951171875,3466.800048828125,360474,0.0,0.0,TITAN,Nifty Consumer Durables,,
377,2025-08-14,3476.5,3505.800048828125,3464.10009765625,3489.39990234375,597987,0.0,0.0,TITAN,Nifty Consumer Durables,,
378,2025-08-04,1308.0,1346.0,1308.0,1341.800048828125,366914,0.0,0.0,VOLTAS,Nifty Consumer Durables,,
379,2025-08-05,1340.0,1340.0,1312.0999755859375,1317.0,316284,0.0,0.0,VOLTAS,Nifty Consumer Durables,,
380,2025-08-06,1319.0,1324.199951171875,1302.5,1314.199951171875,441055,0.0,0.0,VOLTAS,Nifty Consumer Durables,,
381,2025-08-07,1301.0,1327.4000244140625,1289.0,1309.199951171875,595668,0.0,0.0,VOLTAS,Nifty Consumer Durables,,
382,2025-08-08,1312.0,1323.5,1294.0,1304.9000244140625,590345,0.0,0.0,VOLTAS,Nifty Consumer Durables,,
383,2025-08-11,1201.0,1250.0,1192.0,1245.199951171875,4002006,0.0,0.0,VOLTAS,Nifty Consumer Durables,,
384,2025-08-12,1229.9000244140625,1259.9000244140625,1229.0,1245.0,839568,0.0,0.0,VOLTAS,Nifty Consumer Durables,,
385,2025-08-13,1249.9000244140625,1284.0,1243.699951171875,1276.0999755859375,1199406,0.0,0.0,VOLTAS,Nifty Consumer Durables,,
386,2025-08-14,1270.0,1279.5999755859375,1258.0,1274.800048828125,569544,0.0,0.0,VOLTAS,Nifty Consumer Durables,,
387,2025-08-04,1319.9000244140625,1343.9000244140625,1311.0,1337.0,340338,0.0,0.0,WHIRLPOOL,Nifty Consumer Durables,,
388,2025-08-05,1337.0,1338.9000244140625,1311.0,1317.199951171875,66910,0.0,0.0,WHIRLPOOL,Nifty Consumer Durables,,
389,2025-08-06,1315.199951171875,1345.5999755859375,1310.0999755859375,1326.800048828125,67935,0.0,0.0,WHIRLPOOL,Nifty Consumer Durables,,
390,2025-08-07,1320.0,1332.800048828125,1259.199951171875,1294.699951171875,123257,0.0,0.0,WHIRLPOOL,Nifty Consumer Durables,,
391,2025-08-08,1295.0,1303.699951171875,1257.0,1264.5999755859375,89083,0.0,0.0,WHIRLPOOL,Nifty Consumer Durables,,
392,2025-08-11,1257.199951171875,1270.5999755859375,1248.800048828125,1262.0,81614,0.0,0.0,WHIRLPOOL,Nifty Consumer Durables,,
393,2025-08-12,1274.0999755859375,1288.800048828125,1237.0,1243.0999755859375,121014,0.0,0.0,WHIRLPOOL,Nifty Consumer Durables,,
394,2025-08-13,1255.0,1263.800048828125,1232.5999755859375,1241.300048828125,77359,0.0,0.0,WHIRLPOOL,Nifty Consumer Durables,,
395,2025-08-14,1235.0,1259.0,1223.0999755859375,1240.699951171875,134694,0.0,0.0,WHIRLPOOL,Nifty Consumer Durables,,
396,2025-08-04,980.0,997.0,971.6500244140624,989.7999877929688,1280378,0.0,0.0,ADANIGREEN,Nifty Energy,,
397,2025-08-05,993.0,996.4000244140624,965.2000122070312,971.75,1365079,0.0,0.0,ADANIGREEN,Nifty Energy,,
398,2025-08-06,975.9000244140624,977.5,955.0,957.5499877929688,1204140,0.0,0.0,ADANIGREEN,Nifty Energy,,
399,2025-08-07,951.9500122070312,955.1500244140624,903.5,936.7000122070312,3658631,0.0,0.0,ADANIGREEN,Nifty Energy,,
400,2025-08-08,939.8499755859376,946.6500244140624,909.0499877929688,914.0499877929688,2051171,0.0,0.0,ADANIGREEN,Nifty Energy,,
401,2025-08-11,914.0499877929688,933.1500244140624,908.0,929.0999755859376,1612977,0.0,0.0,ADANIGREEN,Nifty Energy,,
402,2025-08-12,929.0999755859376,941.0,927.5,930.9000244140624,1096445,0.0,0.0,ADANIGREEN,Nifty Energy,,
403,2025-08-13,932.0999755859376,938.4500122070312,919.5,924.1500244140624,1023795,0.0,0.0,ADANIGREEN,Nifty Energy,,
404,2025-08-14,925.0,933.0,914.0499877929688,917.5,1031515,0.0,0.0,ADANIGREEN,Nifty Energy,,
405,2025-08-04,567.0,587.7000122070312,564.1500244140625,584.0,2735010,0.0,0.0,ADANIPOWER,Nifty Energy,,
406,2025-08-05,584.0,584.0999755859375,575.7999877929688,579.5,1519871,0.0,0.0,ADANIPOWER,Nifty Energy,,
407,2025-08-06,579.9500122070312,581.9500122070312,565.5999755859375,567.4500122070312,1520912,0.0,0.0,ADANIPOWER,Nifty Energy,,
408,2025-08-07,561.0999755859375,582.0,552.25,578.9500122070312,7148701,0.0,0.0,ADANIPOWER,Nifty Energy,,
409,2025-08-08,582.0,583.2999877929688,574.0,576.9000244140625,2568412,0.0,0.0,ADANIPOWER,Nifty Energy,,
410,2025-08-11,576.9000244140625,599.0,571.2000122070312,593.9000244140625,3030490,0.0,0.0,ADANIPOWER,Nifty Energy,,
411,2025-08-12,595.25,598.4000244140625,589.2000122070312,591.5,2282587,0.0,0.0,ADANIPOWER,Nifty Energy,,
412,2025-08-13,594.7999877929688,594.7999877929688,583.5,585.5999755859375,1804693,0.0,0.0,ADANIPOWER,Nifty Energy,,
413,2025-08-14,586.9000244140625,589.4500122070312,581.0999755859375,584.0499877929688,961767,0.0,0.0,ADANIPOWER,Nifty Energy,,
414,2025-08-04,320.1499938964844,320.75,314.8999938964844,317.8500061035156,3536322,0.0,0.0,BPCL,Nifty Energy,,
415,2025-08-05,317.0,318.0,309.54998779296875,315.1000061035156,6730701,0.0,0.0,BPCL,Nifty Energy,,
416,2025-08-06,315.5,318.1499938964844,314.3999938964844,315.75,3601019,0.0,0.0,BPCL,Nifty Energy,,
417,2025-08-07,313.29998779296875,314.04998779296875,307.1499938964844,310.3500061035156,5018154,0.0,0.0,BPCL,Nifty Energy,,
418,2025-08-08,310.5,321.25,308.6000061035156,319.45001220703125,10028343,0.0,0.0,BPCL,Nifty Energy,,
419,2025-08-11,322.25,330.0,317.20001220703125,320.95001220703125,7957794,0.0,0.0,BPCL,Nifty Energy,,
420,2025-08-12,321.0,326.5,320.70001220703125,323.70001220703125,4392686,0.0,0.0,BPCL,Nifty Energy,,
421,2025-08-13,325.0,326.29998779296875,321.04998779296875,322.5,2707971,0.0,0.0,BPCL,Nifty Energy,,
422,2025-08-14,327.0,331.3999938964844,317.1499938964844,318.04998779296875,10549386,0.0,0.0,BPCL,Nifty Energy,,
423,2025-08-04,173.6999969482422,175.3699951171875,172.5,174.5399932861328,9781181,1.0,0.0,GAIL,Nifty Energy,,
424,2025-08-05,174.5399932861328,174.89999389648438,170.6999969482422,171.33999633789062,14688223,0.0,0.0,GAIL,Nifty Energy,,
425,2025-08-06,171.88999938964844,172.0,169.32000732421875,169.91000366210938,16492438,0.0,0.0,GAIL,Nifty Energy,,
426,2025-08-07,169.66000366210938,169.85000610351562,167.25,169.49000549316406,13072513,0.0,0.0,GAIL,Nifty Energy,,
427,2025-08-08,169.42999267578125,172.0,168.3000030517578,171.14999389648438,15908370,0.0,0.0,GAIL,Nifty Energy,,
428,2025-08-11,171.14999389648438,173.22999572753906,170.10000610351562,173.02000427246094,5576496,0.0,0.0,GAIL,Nifty Energy,,
429,2025-08-12,173.0,175.24000549316406,172.47999572753906,174.3000030517578,7141744,0.0,0.0,GAIL,Nifty Energy,,
430,2025-08-13,174.1999969482422,174.75999450683594,172.3000030517578,173.36000061035156,6019021,0.0,0.0,GAIL,Nifty Energy,,
431,2025-08-14,173.05999755859375,174.83999633789062,172.8699951171875,173.92999267578125,8864011,0.0,0.0,GAIL,Nifty Energy,,
432,2025-08-04,330.8999938964844,333.29998779296875,327.20001220703125,332.0,8193399,0.0,0.0,NTPC,Nifty Energy,,
433,2025-08-05,332.45001220703125,334.3500061035156,331.29998779296875,333.6000061035156,9855535,0.0,0.0,NTPC,Nifty Energy,,
434,2025-08-06,333.6000061035156,335.3999938964844,331.6000061035156,332.1000061035156,13872826,0.0,0.0,NTPC,Nifty Energy,,
435,2025-08-07,332.1000061035156,332.45001220703125,328.6499938964844,329.75,8731389,0.0,0.0,NTPC,Nifty Energy,,
436,2025-08-08,330.0,337.5,329.6499938964844,334.75,11247218,0.0,0.0,NTPC,Nifty Energy,,
437,2025-08-11,335.0,339.1000061035156,333.95001220703125,336.1499938964844,11993280,0.0,0.0,NTPC,Nifty Energy,,
438,2025-08-12,336.25,341.8500061035156,335.75,340.1000061035156,7221182,0.0,0.0,NTPC,Nifty Energy,,
439,2025-08-13,340.29998779296875,343.0,339.1499938964844,339.95001220703125,5417151,0.0,0.0,NTPC,Nifty Energy,,
440,2025-08-14,339.95001220703125,340.45001220703125,336.29998779296875,339.3500061035156,5689423,0.0,0.0,NTPC,Nifty Energy,,
441,2025-08-04,437.0,437.3999938964844,428.0,428.8500061035156,1397797,0.0,0.0,OIL,Nifty Energy,,
442,2025-08-05,428.5,435.9500122070313,419.7000122070313,433.0,2288242,0.0,0.0,OIL,Nifty Energy,,
443,2025-08-06,431.0,435.25,428.25,432.0,2156704,0.0,0.0,OIL,Nifty Energy,,
444,2025-08-07,427.6000061035156,435.3500061035156,426.0,432.1499938964844,1344648,0.0,0.0,OIL,Nifty Energy,,
445,2025-08-08,430.0,436.2000122070313,429.8500061035156,432.3999938964844,1583670,0.0,0.0,OIL,Nifty Energy,,
446,2025-08-11,432.0,433.2999877929688,418.5,423.4500122070313,1932699,0.0,0.0,OIL,Nifty Energy,,
447,2025-08-12,424.0,428.3500061035156,423.0499877929688,425.1000061035156,1240551,0.0,0.0,OIL,Nifty Energy,,
448,2025-08-13,426.0499877929688,427.6499938964844,401.0,407.0,6879674,0.0,0.0,OIL,Nifty Energy,,
449,2025-08-14,408.2999877929688,409.6000061035156,396.5,400.75,3923902,0.0,0.0,OIL,Nifty Energy,,
450,2025-08-04,236.5,238.38999938964844,234.0,234.8300018310547,16174972,0.0,0.0,ONGC,Nifty Energy,,
451,2025-08-05,235.5,236.0,233.0500030517578,234.47999572753903,9562689,0.0,0.0,ONGC,Nifty Energy,,
452,2025-08-06,234.5500030517578,235.3699951171875,232.91000366210932,233.7700042724609,7568954,0.0,0.0,ONGC,Nifty Energy,,
453,2025-08-07,233.1499938964844,234.1999969482422,231.3099975585937,233.92999267578125,5560413,0.0,0.0,ONGC,Nifty Energy,,
454,2025-08-08,233.8999938964844,235.1199951171875,232.67999267578125,233.44000244140625,5249568,0.0,0.0,ONGC,Nifty Energy,,
455,2025-08-11,233.44000244140625,235.0,231.5800018310547,233.7899932861328,4699743,0.0,0.0,ONGC,Nifty Energy,,
456,2025-08-12,233.8000030517578,236.3600006103516,233.6100006103516,235.5200042724609,7036778,0.0,0.0,ONGC,Nifty Energy,,
457,2025-08-13,237.7400054931641,239.9499969482422,236.3000030517578,238.6699981689453,8501906,0.0,0.0,ONGC,Nifty Energy,,
458,2025-08-14,238.509994506836,238.6699981689453,234.42999267578125,236.94000244140625,7258450,0.0,0.0,ONGC,Nifty Energy,,
459,2025-08-04,291.20001220703125,291.54998779296875,285.70001220703125,287.95001220703125,10397121,0.0,0.0,POWERGRID,Nifty Energy,,
460,2025-08-05,287.1000061035156,288.6499938964844,285.1000061035156,286.0,15561914,0.0,0.0,POWERGRID,Nifty Energy,,
461,2025-08-06,287.6000061035156,288.3999938964844,284.04998779296875,284.79998779296875,12985269,0.0,0.0,POWERGRID,Nifty Energy,,
462,2025-08-07,284.5,286.29998779296875,283.3999938964844,285.54998779296875,8893659,0.0,0.0,POWERGRID,Nifty Energy,,
463,2025-08-08,284.79998779296875,286.25,283.6000061035156,284.8500061035156,6172968,0.0,0.0,POWERGRID,Nifty Energy,,
464,2025-08-11,284.8500061035156,286.3999938964844,283.29998779296875,284.8500061035156,8755499,0.0,0.0,POWERGRID,Nifty Energy,,
465,2025-08-12,284.3999938964844,287.54998779296875,284.0,284.6499938964844,13184438,0.0,0.0,POWERGRID,Nifty Energy,,
466,2025-08-13,287.0,289.3999938964844,286.04998779296875,288.20001220703125,9928283,0.0,0.0,POWERGRID,Nifty Energy,,
467,2025-08-14,289.04998779296875,290.1499938964844,287.1499938964844,288.70001220703125,8464495,0.0,0.0,POWERGRID,Nifty Energy,,
468,2025-08-04,1389.550225151016,1410.466686507784,1386.1637261382157,1405.885009765625,6312820,0.0,0.0,RELIANCE,Nifty Energy,,
469,2025-08-05,1405.38696851784,1405.38696851784,1382.5780415934858,1386.1636962890625,9315972,0.0,0.0,RELIANCE,Nifty Energy,,
470,2025-08-06,1386.3630773472378,1390.3471654369864,1377.797312271222,1387.259521484375,5834312,0.0,0.0,RELIANCE,Nifty Energy,,
471,2025-08-07,1382.1796145349972,1388.1557462486337,1360.5659868045632,1383.8729248046875,9976705,0.0,0.0,RELIANCE,Nifty Energy,,
472,2025-08-08,1379.4904158119157,1391.6418351007062,1359.569976594415,1362.35888671875,8793606,0.0,0.0,RELIANCE,Nifty Energy,,
473,2025-08-11,1364.5501609316866,1382.4785572067017,1355.7851185633474,1380.6856689453125,9997486,0.0,0.0,RELIANCE,Nifty Energy,,
474,2025-08-12,1376.402846498686,1396.3232867936674,1369.7294260490362,1374.9088134765625,12244664,0.0,0.0,RELIANCE,Nifty Energy,,
475,2025-08-13,1382.4785186353236,1386.2634508216695,1372.0202877666843,1377.0999755859375,7457021,0.0,0.0,RELIANCE,Nifty Energy,,
476,2025-08-14,1377.300048828125,1380.699951171875,1370.0999755859375,1373.800048828125,7126128,5.5,0.0,RELIANCE,Nifty Energy,,
477,2025-08-04,390.0,391.6499938964844,376.25,387.1000061035156,13251686,0.0,0.0,TATAPOWER,Nifty Energy,,
478,2025-08-05,388.0,390.5,382.7000122070313,385.5499877929688,6366590,0.0,0.0,TATAPOWER,Nifty Energy,,
479,2025-08-06,385.5499877929688,387.0,381.6499938964844,385.5499877929688,6114204,0.0,0.0,TATAPOWER,Nifty Energy,,
480,2025-08-07,383.0,386.75,379.0,385.5499877929688,5333971,0.0,0.0,TATAPOWER,Nifty Energy,,
481,2025-08-08,385.5499877929688,387.1000061035156,376.0,378.7999877929688,3495353,0.0,0.0,TATAPOWER,Nifty Energy,,
482,2025-08-11,380.0,385.8999938964844,377.5,384.2999877929688,3328976,0.0,0.0,TATAPOWER,Nifty Energy,,
483,2025-08-12,384.1000061035156,388.9500122070313,383.5,384.4500122070313,2575426,0.0,0.0,TATAPOWER,Nifty Energy,,
484,2025-08-13,385.5,388.9500122070313,384.3999938964844,387.2000122070313,3757839,0.0,0.0,TATAPOWER,Nifty Energy,,
485,2025-08-14,387.2000122070313,388.6000061035156,383.1499938964844,385.2999877929688,2662149,0.0,0.0,TATAPOWER,Nifty Energy,,
486,2025-08-04,1064.4000244140625,1070.0,1059.0,1068.5999755859375,4465845,0.0,0.0,AXISBANK,Nifty Financial Services,,
487,2025-08-05,1068.0,1079.9000244140625,1062.5,1070.800048828125,5318081,0.0,0.0,AXISBANK,Nifty Financial Services,,
488,2025-08-06,1074.0,1077.699951171875,1065.5999755859375,1071.0,4216651,0.0,0.0,AXISBANK,Nifty Financial Services,,
489,2025-08-07,1067.800048828125,1079.699951171875,1064.5,1076.199951171875,5321131,0.0,0.0,AXISBANK,Nifty Financial Services,,
490,2025-08-08,1073.0,1080.4000244140625,1054.199951171875,1058.0999755859375,5084903,0.0,0.0,AXISBANK,Nifty Financial Services,,
491,2025-08-11,1058.0999755859375,1075.4000244140625,1052.5999755859375,1073.300048828125,5452775,0.0,0.0,AXISBANK,Nifty Financial Services,,
492,2025-08-12,1071.0999755859375,1076.5999755859375,1066.300048828125,1070.0,4573025,0.0,0.0,AXISBANK,Nifty Financial Services,,
493,2025-08-13,1071.0999755859375,1072.800048828125,1063.199951171875,1066.0,4966778,0.0,0.0,AXISBANK,Nifty Financial Services,,
494,2025-08-14,1067.0,1072.4000244140625,1062.0,1068.199951171875,6761305,0.0,0.0,AXISBANK,Nifty Financial Services,,
495,2025-08-04,1923.0,1944.4000244140625,1923.0,1933.5999755859373,982532,0.0,0.0,BAJAJFINSV,Nifty Financial Services,,
496,2025-08-05,1930.0999755859373,1942.699951171875,1916.0,1939.4000244140625,1101680,0.0,0.0,BAJAJFINSV,Nifty Financial Services,,
497,2025-08-06,1939.4000244140625,1946.699951171875,1912.199951171875,1924.0,875588,0.0,0.0,BAJAJFINSV,Nifty Financial Services,,
498,2025-08-07,1919.699951171875,1932.9000244140625,1890.5999755859373,1914.0,905353,0.0,0.0,BAJAJFINSV,Nifty Financial Services,,
499,2025-08-08,1915.0,1929.699951171875,1906.4000244140625,1919.199951171875,507893,0.0,0.0,BAJAJFINSV,Nifty Financial Services,,
500,2025-08-11,1918.0,1939.800048828125,1903.0999755859373,1922.800048828125,1489228,0.0,0.0,BAJAJFINSV,Nifty Financial Services,,
501,2025-08-12,1925.0,1934.300048828125,1904.0,1908.0,899579,0.0,0.0,BAJAJFINSV,Nifty Financial Services,,
502,2025-08-13,1914.0,1920.0,1892.9000244140625,1914.4000244140625,710014,0.0,0.0,BAJAJFINSV,Nifty Financial Services,,
503,2025-08-14,1914.4000244140625,1939.0999755859373,1912.5,1925.0999755859373,765742,0.0,0.0,BAJAJFINSV,Nifty Financial Services,,
504,2025-08-04,874.0,886.75,873.7000122070312,885.2999877929688,3969985,0.0,0.0,BAJFINANCE,Nifty Financial Services,,
505,2025-08-05,889.0,893.5999755859375,882.4000244140625,891.9000244140625,4446791,0.0,0.0,BAJFINANCE,Nifty Financial Services,,
506,2025-08-06,888.0,895.5,874.5999755859375,876.6500244140625,4212648,0.0,0.0,BAJFINANCE,Nifty Financial Services,,
507,2025-08-07,871.0,882.0,867.25,879.0999755859375,5998002,0.0,0.0,BAJFINANCE,Nifty Financial Services,,
508,2025-08-08,877.0,888.2999877929688,876.0,877.1500244140625,3736916,0.0,0.0,BAJFINANCE,Nifty Financial Services,,
509,2025-08-11,877.1500244140625,888.2999877929688,872.75,877.7999877929688,5367926,0.0,0.0,BAJFINANCE,Nifty Financial Services,,
510,2025-08-12,877.2000122070312,884.9000244140625,851.5,853.0,8257312,0.0,0.0,BAJFINANCE,Nifty Financial Services,,
511,2025-08-13,854.5499877929688,864.0,849.0,860.0,10117225,0.0,0.0,BAJFINANCE,Nifty Financial Services,,
512,2025-08-14,860.0,866.9000244140625,855.4500122070312,861.4500122070312,5379250,0.0,0.0,BAJFINANCE,Nifty Financial Services,,
513,2025-08-04,235.16000366210932,241.8999938964844,235.16000366210932,241.1699981689453,5286235,0.0,0.0,BANKBARODA,Nifty Financial Services,,
514,2025-08-05,240.0,242.2700042724609,239.5,240.6499938964844,2784149,0.0,0.0,BANKBARODA,Nifty Financial Services,,
515,2025-08-06,240.6499938964844,243.4499969482422,239.3500061035156,241.75,5567926,0.0,0.0,BANKBARODA,Nifty Financial Services,,
516,2025-08-07,241.0,242.5,237.3000030517578,242.0500030517578,5526019,0.0,0.0,BANKBARODA,Nifty Financial Services,,
517,2025-08-08,241.0,242.5500030517578,238.509994506836,239.22000122070312,4393052,0.0,0.0,BANKBARODA,Nifty Financial Services,,
518,2025-08-11,239.22000122070312,244.94000244140625,239.22000122070312,243.97000122070312,8071890,0.0,0.0,BANKBARODA,Nifty Financial Services,,
519,2025-08-12,243.6000061035156,245.3300018310547,242.63999938964844,243.0800018310547,5778309,0.0,0.0,BANKBARODA,Nifty Financial Services,,
520,2025-08-13,243.0800018310547,244.8800048828125,241.25,241.8099975585937,4734249,0.0,0.0,BANKBARODA,Nifty Financial Services,,
521,2025-08-14,241.9900054931641,243.8000030517578,241.3999938964844,242.7700042724609,5398813,0.0,0.0,BANKBARODA,Nifty Financial Services,,
522,2025-08-04,1422.800048828125,1477.0,1422.800048828125,1472.0999755859375,1765076,0.0,0.0,CHOLAFIN,Nifty Financial Services,,
523,2025-08-05,1475.4000244140625,1481.5999755859375,1456.5,1472.0999755859375,1537683,0.0,0.0,CHOLAFIN,Nifty Financial Services,,
524,2025-08-06,1472.0,1480.699951171875,1438.9000244140625,1454.9000244140625,2136451,0.0,0.0,CHOLAFIN,Nifty Financial Services,,
525,2025-08-07,1440.0,1491.0,1440.0,1488.0,1097782,0.0,0.0,CHOLAFIN,Nifty Financial Services,,
526,2025-08-08,1493.9000244140625,1499.800048828125,1450.0,1451.0999755859375,840293,0.0,0.0,CHOLAFIN,Nifty Financial Services,,
527,2025-08-11,1452.0,1493.5999755859375,1448.0,1483.0,842409,0.0,0.0,CHOLAFIN,Nifty Financial Services,,
528,2025-08-12,1485.0,1485.0,1445.5,1450.699951171875,755391,0.0,0.0,CHOLAFIN,Nifty Financial Services,,
529,2025-08-13,1457.0,1474.699951171875,1454.5999755859375,1460.5,672021,0.0,0.0,CHOLAFIN,Nifty Financial Services,,
530,2025-08-14,1459.0999755859375,1474.800048828125,1449.199951171875,1461.5,1612053,0.0,0.0,CHOLAFIN,Nifty Financial Services,,
531,2025-08-04,2010.0999755859373,2018.5,1988.0999755859373,1992.0,6966973,0.0,0.0,HDFCBANK,Nifty Financial Services,,
532,2025-08-05,1986.5,1994.4000244140625,1965.5,1977.5999755859373,11989029,0.0,0.0,HDFCBANK,Nifty Financial Services,,
533,2025-08-06,1971.0999755859373,1988.0,1970.0,1985.300048828125,7040102,0.0,0.0,HDFCBANK,Nifty Financial Services,,
534,2025-08-07,1980.0999755859373,2001.5999755859373,1976.800048828125,1995.4000244140625,6540593,0.0,0.0,HDFCBANK,Nifty Financial Services,,
535,2025-08-08,1987.0999755859373,1992.800048828125,1970.0,1973.9000244140625,6947632,0.0,0.0,HDFCBANK,Nifty Financial Services,,
536,2025-08-11,1975.9000244140625,1997.5999755859373,1973.0999755859373,1995.5999755859373,4552927,0.0,0.0,HDFCBANK,Nifty Financial Services,,
537,2025-08-12,1991.9000244140625,1996.0,1967.5,1969.9000244140625,6468901,0.0,0.0,HDFCBANK,Nifty Financial Services,,
538,2025-08-13,1994.0,1994.0,1969.0999755859373,1980.300048828125,6788698,0.0,0.0,HDFCBANK,Nifty Financial Services,,
539,2025-08-14,1978.0,1996.0,1971.199951171875,1991.0999755859373,8755858,0.0,0.0,HDFCBANK,Nifty Financial Services,,
540,2025-08-04,741.5,747.5499877929688,732.1500244140625,739.7999877929688,2555375,0.0,0.0,HDFCLIFE,Nifty Financial Services,,
541,2025-08-05,735.7999877929688,742.25,731.6500244140625,738.5,1988095,0.0,0.0,HDFCLIFE,Nifty Financial Services,,
542,2025-08-06,734.0999755859375,755.0,734.0999755859375,752.5499877929688,1797969,0.0,0.0,HDFCLIFE,Nifty Financial Services,,
543,2025-08-07,747.0499877929688,757.6500244140625,747.0499877929688,755.7000122070312,1423219,0.0,0.0,HDFCLIFE,Nifty Financial Services,,
544,2025-08-08,756.0,764.5,756.0,761.5499877929688,2210684,0.0,0.0,HDFCLIFE,Nifty Financial Services,,
545,2025-08-11,763.5,765.8499755859375,753.7000122070312,764.75,1719052,0.0,0.0,HDFCLIFE,Nifty Financial Services,,
546,2025-08-12,764.75,772.9500122070312,758.3499755859375,766.2000122070312,1996036,0.0,0.0,HDFCLIFE,Nifty Financial Services,,
547,2025-08-13,765.8499755859375,783.7000122070312,763.5999755859375,776.5999755859375,1720968,0.0,0.0,HDFCLIFE,Nifty Financial Services,,
548,2025-08-14,778.75,790.75,777.9500122070312,788.75,2861621,0.0,0.0,HDFCLIFE,Nifty Financial Services,,
549,2025-08-04,1465.492177404952,1467.4768633867377,1450.1108610461113,1451.9962158203125,6140054,0.0,0.0,ICICIBANK,Nifty Financial Services,,
550,2025-08-05,1441.8743352750153,1450.3092505192255,1429.96621963613,1433.3402099609375,14799343,0.0,0.0,ICICIBANK,Nifty Financial Services,,
551,2025-08-06,1431.2564134495642,1442.866778550362,1430.561700640964,1432.54638671875,7805252,0.0,0.0,ICICIBANK,Nifty Financial Services,,
552,2025-08-07,1430.0655302659995,1436.813511390122,1418.1574137897542,1429.271728515625,7432535,0.0,0.0,ICICIBANK,Nifty Financial Services,,
553,2025-08-08,1434.82882590882,1436.5157606227417,1421.0352334242946,1424.9053955078125,5415511,0.0,0.0,ICICIBANK,Nifty Financial Services,,
554,2025-08-11,1416.9666396615337,1427.3862414978396,1409.5240669213151,1425.5999755859375,8492484,0.0,0.0,ICICIBANK,Nifty Financial Services,,
555,2025-08-12,1431.0,1433.800048828125,1420.0999755859375,1422.0,5913947,11.0,0.0,ICICIBANK,Nifty Financial Services,,
556,2025-08-13,1424.5999755859375,1427.699951171875,1415.199951171875,1420.800048828125,9009465,0.0,0.0,ICICIBANK,Nifty Financial Services,,
557,2025-08-14,1412.0,1431.0999755859375,1412.0,1427.300048828125,7577793,0.0,0.0,ICICIBANK,Nifty Financial Services,,
558,2025-08-04,1866.9000244140625,1900.5,1858.0,1895.5999755859373,567203,0.0,0.0,ICICIGI,Nifty Financial Services,,
559,2025-08-05,1891.9000244140625,1902.5999755859373,1869.5999755859373,1900.199951171875,266143,0.0,0.0,ICICIGI,Nifty Financial Services,,
560,2025-08-06,1894.9000244140625,1912.0,1860.0999755859373,1884.0,617362,0.0,0.0,ICICIGI,Nifty Financial Services,,
561,2025-08-07,1852.0,1909.199951171875,1852.0,1903.4000244140625,448145,0.0,0.0,ICICIGI,Nifty Financial Services,,
562,2025-08-08,1903.4000244140625,1910.4000244140625,1876.4000244140625,1894.699951171875,426758,0.0,0.0,ICICIGI,Nifty Financial Services,,
563,2025-08-11,1894.9000244140625,1918.0,1882.0,1901.699951171875,187046,0.0,0.0,ICICIGI,Nifty Financial Services,,
564,2025-08-12,1900.0,1913.800048828125,1887.0,1902.9000244140625,233350,0.0,0.0,ICICIGI,Nifty Financial Services,,
565,2025-08-13,1902.9000244140625,1924.300048828125,1901.0,1912.699951171875,335318,0.0,0.0,ICICIGI,Nifty Financial Services,,
566,2025-08-14,1908.0,1919.300048828125,1892.5,1898.300048828125,232464,0.0,0.0,ICICIGI,Nifty Financial Services,,
567,2025-08-04,602.0,612.8499755859375,600.3499755859375,611.5,452541,0.0,0.0,ICICIPRULI,Nifty Financial Services,,
568,2025-08-05,609.0499877929688,615.7999877929688,604.0499877929688,614.75,404117,0.0,0.0,ICICIPRULI,Nifty Financial Services,,
569,2025-08-06,614.7000122070312,621.0,608.4500122070312,619.4000244140625,2232551,0.0,0.0,ICICIPRULI,Nifty Financial Services,,
570,2025-08-07,618.0,620.3499755859375,597.0,618.7000122070312,494731,0.0,0.0,ICICIPRULI,Nifty Financial Services,,
571,2025-08-08,616.0999755859375,624.2000122070312,608.0499877929688,610.0499877929688,396975,0.0,0.0,ICICIPRULI,Nifty Financial Services,,
572,2025-08-11,611.0499877929688,611.5,602.2999877929688,609.6500244140625,661745,0.0,0.0,ICICIPRULI,Nifty Financial Services,,
573,2025-08-12,609.75,619.9500122070312,608.0,616.7999877929688,465659,0.0,0.0,ICICIPRULI,Nifty Financial Services,,
574,2025-08-13,618.25,629.2999877929688,617.1500244140625,621.2999877929688,1318633,0.0,0.0,ICICIPRULI,Nifty Financial Services,,
575,2025-08-14,620.5999755859375,630.9500122070312,619.9500122070312,626.5999755859375,1392104,0.0,0.0,ICICIPRULI,Nifty Financial Services,,
576,2025-08-04,67.58000183105469,69.45999908447266,67.30000305175781,69.33000183105469,16448393,0.0,0.0,IDFCFIRSTB,Nifty Financial Services,,
577,2025-08-05,69.62999725341797,69.70999908447266,68.91999816894531,69.33000183105469,10949883,0.0,0.0,IDFCFIRSTB,Nifty Financial Services,,
578,2025-08-06,69.48999786376953,69.63999938964844,68.22000122070312,68.73999786376953,12903967,0.0,0.0,IDFCFIRSTB,Nifty Financial Services,,
579,2025-08-07,68.30000305175781,69.48999786376953,67.62000274658203,69.2300033569336,13467202,0.0,0.0,IDFCFIRSTB,Nifty Financial Services,,
580,2025-08-08,69.2300033569336,70.37000274658203,68.81999969482422,69.11000061035156,12792924,0.0,0.0,IDFCFIRSTB,Nifty Financial Services,,
581,2025-08-11,69.11000061035156,70.16999816894531,69.11000061035156,69.68000030517578,12840750,0.0,0.0,IDFCFIRSTB,Nifty Financial Services,,
582,2025-08-12,69.9000015258789,70.19999694824219,69.0,69.05999755859375,10167500,0.0,0.0,IDFCFIRSTB,Nifty Financial Services,,
583,2025-08-13,69.12999725341797,70.33999633789062,69.12999725341797,69.9000015258789,13878553,0.0,0.0,IDFCFIRSTB,Nifty Financial Services,,
584,2025-08-14,69.9000015258789,70.0,68.55999755859375,68.7699966430664,12414379,0.0,0.0,IDFCFIRSTB,Nifty Financial Services,,
585,2025-08-04,783.0,805.5999755859375,781.0,804.0499877929688,2980888,0.0,0.0,INDUSINDBK,Nifty Financial Services,,
586,2025-08-05,820.0,848.7000122070312,810.0499877929688,819.1500244140625,18982770,0.0,0.0,INDUSINDBK,Nifty Financial Services,,
587,2025-08-06,822.0,822.0,795.4000244140625,803.3499755859375,5249912,0.0,0.0,INDUSINDBK,Nifty Financial Services,,
588,2025-08-07,801.8499755859375,810.0,789.0999755859375,807.3499755859375,2553303,0.0,0.0,INDUSINDBK,Nifty Financial Services,,
589,2025-08-08,806.5999755859375,808.5,779.0,782.4500122070312,2490574,0.0,0.0,INDUSINDBK,Nifty Financial Services,,
590,2025-08-11,784.5,790.0999755859375,777.8499755859375,783.25,1629229,0.0,0.0,INDUSINDBK,Nifty Financial Services,,
591,2025-08-12,784.0499877929688,791.3499755859375,780.7999877929688,783.0499877929688,1462522,0.0,0.0,INDUSINDBK,Nifty Financial Services,,
592,2025-08-13,787.0,787.7999877929688,766.7000122070312,773.4500122070312,4114205,0.0,0.0,INDUSINDBK,Nifty Financial Services,,
593,2025-08-14,773.4500122070312,779.7999877929688,765.7000122070312,769.75,1859573,0.0,0.0,INDUSINDBK,Nifty Financial Services,,
594,2025-08-04,1987.0,2007.0,1982.0999755859373,1997.0,1543261,0.0,0.0,KOTAKBANK,Nifty Financial Services,,
595,2025-08-05,2008.0,2008.0,1994.800048828125,2003.0,2421332,0.0,0.0,KOTAKBANK,Nifty Financial Services,,
596,2025-08-06,2003.0,2025.5999755859373,1992.699951171875,2002.4000244140625,2662279,0.0,0.0,KOTAKBANK,Nifty Financial Services,,
597,2025-08-07,1981.0,1995.5,1965.0,1992.0999755859373,14552199,0.0,0.0,KOTAKBANK,Nifty Financial Services,,
598,2025-08-08,1993.9000244140625,1999.5,1948.199951171875,1952.699951171875,2185729,0.0,0.0,KOTAKBANK,Nifty Financial Services,,
599,2025-08-11,1964.0,2024.0,1956.4000244140625,1975.9000244140625,2202513,0.0,0.0,KOTAKBANK,Nifty Financial Services,,
600,2025-08-12,1975.0,1985.9000244140625,1956.4000244140625,1959.0,1577824,0.0,0.0,KOTAKBANK,Nifty Financial Services,,
601,2025-08-13,1968.0,1996.300048828125,1962.199951171875,1987.699951171875,2746733,0.0,0.0,KOTAKBANK,Nifty Financial Services,,
602,2025-08-14,1988.0,1993.5,1975.5,1978.199951171875,1984593,0.0,0.0,KOTAKBANK,Nifty Financial Services,,
603,2025-08-04,880.0499877929688,897.5,878.0,895.2999877929688,818695,0.0,0.0,LICI,Nifty Financial Services,,
604,2025-08-05,890.0,899.0999755859375,890.0,892.25,454682,0.0,0.0,LICI,Nifty Financial Services,,
605,2025-08-06,890.0,902.0,888.0,892.75,691080,0.0,0.0,LICI,Nifty Financial Services,,
606,2025-08-07,894.9000244140625,896.2999877929688,874.0,885.0,554212,0.0,0.0,LICI,Nifty Financial Services,,
607,2025-08-08,905.0,927.0999755859376,904.0,912.9500122070312,4531839,0.0,0.0,LICI,Nifty Financial Services,,
608,2025-08-11,914.0,916.7999877929688,892.0999755859375,906.3499755859376,1320560,0.0,0.0,LICI,Nifty Financial Services,,
609,2025-08-12,905.0,928.0,903.9000244140624,916.5,1284334,0.0,0.0,LICI,Nifty Financial Services,,
610,2025-08-13,916.0,920.9500122070312,881.2000122070312,887.5,1526696,0.0,0.0,LICI,Nifty Financial Services,,
611,2025-08-14,890.0,894.5999755859375,885.0,887.75,761942,0.0,0.0,LICI,Nifty Financial Services,,
612,2025-08-04,2592.0,2670.199951171875,2548.0,2665.800048828125,1053175,0.0,0.0,MUTHOOTFIN,Nifty Financial Services,,
613,2025-08-05,2670.0,2677.0,2616.0,2641.5,293862,0.0,0.0,MUTHOOTFIN,Nifty Financial Services,,
614,2025-08-06,2635.10009765625,2655.800048828125,2613.10009765625,2624.699951171875,340219,0.0,0.0,MUTHOOTFIN,Nifty Financial Services,,
615,2025-08-07,2625.0,2655.0,2595.39990234375,2634.60009765625,196791,0.0,0.0,MUTHOOTFIN,Nifty Financial Services,,
616,2025-08-08,2641.0,2664.699951171875,2595.0,2617.800048828125,223811,0.0,0.0,MUTHOOTFIN,Nifty Financial Services,,
617,2025-08-11,2605.199951171875,2626.39990234375,2560.0,2589.800048828125,439383,0.0,0.0,MUTHOOTFIN,Nifty Financial Services,,
618,2025-08-12,2592.39990234375,2596.89990234375,2510.0,2533.199951171875,261504,0.0,0.0,MUTHOOTFIN,Nifty Financial Services,,
619,2025-08-13,2522.0,2549.89990234375,2476.60009765625,2509.89990234375,487954,0.0,0.0,MUTHOOTFIN,Nifty Financial Services,,
620,2025-08-14,2730.0,2800.0,2671.300048828125,2757.39990234375,8765092,0.0,0.0,MUTHOOTFIN,Nifty Financial Services,,
621,2025-08-04,1080.0,1091.0,1075.4000244140625,1078.199951171875,2212286,0.0,0.0,PAYTM,Nifty Financial Services,,
622,2025-08-05,1067.5999755859375,1087.0,1050.0,1053.0,21620842,0.0,0.0,PAYTM,Nifty Financial Services,,
623,2025-08-06,1057.0,1071.0999755859375,1032.4000244140625,1055.4000244140625,6969761,0.0,0.0,PAYTM,Nifty Financial Services,,
624,2025-08-07,1055.0,1070.9000244140625,1048.5999755859375,1065.300048828125,5323456,0.0,0.0,PAYTM,Nifty Financial Services,,
625,2025-08-08,1065.0,1079.9000244140625,1057.5999755859375,1062.4000244140625,7710469,0.0,0.0,PAYTM,Nifty Financial Services,,
626,2025-08-11,1063.0,1130.0,1050.4000244140625,1122.0,9410105,0.0,0.0,PAYTM,Nifty Financial Services,,
627,2025-08-12,1126.0,1136.0,1094.0,1120.0,6154928,0.0,0.0,PAYTM,Nifty Financial Services,,
628,2025-08-13,1150.0,1187.0,1150.0,1155.0,18978974,0.0,0.0,PAYTM,Nifty Financial Services,,
629,2025-08-14,1160.5,1160.9000244140625,1135.0,1151.300048828125,4687371,0.0,0.0,PAYTM,Nifty Financial Services,,
630,2025-08-04,404.0,414.3999938964844,403.1000061035156,413.75,3031304,0.0,0.0,PFC,Nifty Financial Services,,
631,2025-08-05,415.0,416.5,410.7000122070313,413.5,3014252,0.0,0.0,PFC,Nifty Financial Services,,
632,2025-08-06,413.5499877929688,419.7999877929688,405.5,415.75,10816716,0.0,0.0,PFC,Nifty Financial Services,,
633,2025-08-07,416.7999877929688,416.7999877929688,403.6000061035156,408.9500122070313,8387797,0.0,0.0,PFC,Nifty Financial Services,,
634,2025-08-08,409.0,409.6499938964844,403.4500122070313,404.6499938964844,6103086,0.0,0.0,PFC,Nifty Financial Services,,
635,2025-08-11,405.8999938964844,419.8999938964844,405.4500122070313,418.7999877929688,9713008,0.0,0.0,PFC,Nifty Financial Services,,
636,2025-08-12,419.0,424.8999938964844,414.5499877929688,415.7000122070313,6429327,0.0,0.0,PFC,Nifty Financial Services,,
637,2025-08-13,417.0,419.6499938964844,415.25,417.75,3883695,0.0,0.0,PFC,Nifty Financial Services,,
638,2025-08-14,419.0,419.7999877929688,413.8999938964844,416.5,3680607,0.0,0.0,PFC,Nifty Financial Services,,
639,2025-08-04,103.12000274658205,104.9499969482422,103.0,104.66000366210938,14966403,0.0,0.0,PNB,Nifty Financial Services,,
640,2025-08-05,104.9000015258789,105.13999938964844,103.31999969482422,103.66000366210938,12126864,0.0,0.0,PNB,Nifty Financial Services,,
641,2025-08-06,103.8000030517578,104.8000030517578,102.8499984741211,103.83000183105467,15512043,0.0,0.0,PNB,Nifty Financial Services,,
642,2025-08-07,103.5,104.94000244140624,102.58999633789062,104.69000244140624,13506257,0.0,0.0,PNB,Nifty Financial Services,,
643,2025-08-08,104.69000244140624,104.87999725341795,103.5,103.9499969482422,8369676,0.0,0.0,PNB,Nifty Financial Services,,
644,2025-08-11,103.98999786376952,106.75,103.83999633789062,106.54000091552734,18974904,0.0,0.0,PNB,Nifty Financial Services,,
645,2025-08-12,106.86000061035156,107.25,106.06999969482422,106.6500015258789,12072884,0.0,0.0,PNB,Nifty Financial Services,,
646,2025-08-13,107.0,107.37999725341795,106.16000366210938,106.63999938964844,8965266,0.0,0.0,PNB,Nifty Financial Services,,
647,2025-08-14,106.6500015258789,107.1500015258789,105.87999725341795,106.27999877929688,6165564,0.0,0.0,PNB,Nifty Financial Services,,
648,2025-08-04,387.18219692117873,392.2976351697132,385.0963242010493,390.9070129394531,7536898,0.0,0.0,RECLTD,Nifty Financial Services,,
649,2025-08-05,391.4036569233007,395.1284729591624,388.87079414396686,391.85064697265625,4844402,0.0,0.0,RECLTD,Nifty Financial Services,,
650,2025-08-06,392.3472794644518,394.0358748175785,386.238587378354,386.7848815917969,8191081,0.0,0.0,RECLTD,Nifty Financial Services,,
651,2025-08-07,386.2386098740564,386.834586522379,377.9943319162944,382.3648071289063,8126214,0.0,0.0,RECLTD,Nifty Financial Services,,
652,2025-08-08,383.9043789903024,384.4010211364735,377.54736558183777,378.7889709472656,3841685,0.0,0.0,RECLTD,Nifty Financial Services,,
653,2025-08-11,379.5835969399369,385.2949817816592,378.6399950232315,384.6990051269531,3428071,0.0,0.0,RECLTD,Nifty Financial Services,,
654,2025-08-12,385.3943130659251,387.033226118241,382.1661390518419,382.8614501953125,3870319,0.0,0.0,RECLTD,Nifty Financial Services,,
655,2025-08-13,384.4010317251178,386.0896271936658,382.8614531546306,384.5500183105469,2043770,0.0,0.0,RECLTD,Nifty Financial Services,,
656,2025-08-14,386.0,386.0,381.0,381.5499877929688,3287588,2.6,0.0,RECLTD,Nifty Financial Services,,
657,2025-08-04,801.5,814.0,801.5,804.5,933330,0.0,0.0,SBICARD,Nifty Financial Services,,
658,2025-08-05,804.5,808.0,801.4500122070312,804.8499755859375,668730,0.0,0.0,SBICARD,Nifty Financial Services,,
659,2025-08-06,805.6500244140625,811.0,783.5999755859375,793.0,1239184,0.0,0.0,SBICARD,Nifty Financial Services,,
660,2025-08-07,787.2999877929688,799.0,784.0,796.5,526708,0.0,0.0,SBICARD,Nifty Financial Services,,
661,2025-08-08,799.0,799.75,784.0999755859375,786.9000244140625,317602,0.0,0.0,SBICARD,Nifty Financial Services,,
662,2025-08-11,786.9000244140625,801.0,785.0499877929688,797.7999877929688,363831,0.0,0.0,SBICARD,Nifty Financial Services,,
663,2025-08-12,799.9000244140625,803.0999755859375,787.25,789.9500122070312,869644,0.0,0.0,SBICARD,Nifty Financial Services,,
664,2025-08-13,797.0,797.2000122070312,784.2999877929688,790.0999755859375,264960,0.0,0.0,SBICARD,Nifty Financial Services,,
665,2025-08-14,786.2000122070312,794.75,786.1500244140625,789.3499755859375,363454,0.0,0.0,SBICARD,Nifty Financial Services,,
666,2025-08-04,1798.0,1836.199951171875,1781.0,1831.5,844169,0.0,0.0,SBILIFE,Nifty Financial Services,,
667,2025-08-05,1833.300048828125,1860.4000244140625,1818.699951171875,1857.0,1251783,0.0,0.0,SBILIFE,Nifty Financial Services,,
668,2025-08-06,1858.5999755859373,1876.0,1850.5999755859373,1854.300048828125,816457,0.0,0.0,SBILIFE,Nifty Financial Services,,
669,2025-08-07,1835.0,1863.0999755859373,1835.0,1861.0999755859373,742694,0.0,0.0,SBILIFE,Nifty Financial Services,,
670,2025-08-08,1851.0999755859373,1870.9000244140625,1831.0,1833.5999755859373,779798,0.0,0.0,SBILIFE,Nifty Financial Services,,
671,2025-08-11,1836.0,1852.699951171875,1825.9000244140625,1851.0,455452,0.0,0.0,SBILIFE,Nifty Financial Services,,
672,2025-08-12,1849.699951171875,1863.9000244140625,1834.0,1838.0,627624,0.0,0.0,SBILIFE,Nifty Financial Services,,
673,2025-08-13,1841.300048828125,1859.0,1838.0,1840.300048828125,570828,0.0,0.0,SBILIFE,Nifty Financial Services,,
674,2025-08-14,1842.0999755859373,1853.699951171875,1832.199951171875,1840.5999755859373,468063,0.0,0.0,SBILIFE,Nifty Financial Services,,
675,2025-08-04,5752.5,5802.0,5714.0,5787.0,189672,75.0,0.0,BRITANNIA,Nifty FMCG,,
676,2025-08-05,5795.0,5795.0,5610.5,5635.5,380387,0.0,0.0,BRITANNIA,Nifty FMCG,,
677,2025-08-06,5599.5,5625.0,5371.0,5402.5,1123534,0.0,0.0,BRITANNIA,Nifty FMCG,,
678,2025-08-07,5380.5,5560.0,5380.5,5476.5,795974,0.0,0.0,BRITANNIA,Nifty FMCG,,
679,2025-08-08,5479.5,5503.0,5380.0,5387.0,551451,0.0,0.0,BRITANNIA,Nifty FMCG,,
680,2025-08-11,5361.0,5400.0,5310.5,5381.5,598841,0.0,0.0,BRITANNIA,Nifty FMCG,,
681,2025-08-12,5390.5,5390.5,5317.5,5338.0,323204,0.0,0.0,BRITANNIA,Nifty FMCG,,
682,2025-08-13,5363.5,5393.0,5299.0,5375.5,388683,0.0,0.0,BRITANNIA,Nifty FMCG,,
683,2025-08-14,5395.0,5398.5,5298.0,5302.5,215308,0.0,0.0,BRITANNIA,Nifty FMCG,,
684,2025-08-04,2258.0,2263.39990234375,2235.10009765625,2254.199951171875,383404,0.0,0.0,COLPAL,Nifty FMCG,,
685,2025-08-05,2257.800048828125,2268.5,2227.39990234375,2230.5,369067,0.0,0.0,COLPAL,Nifty FMCG,,
686,2025-08-06,2231.0,2243.300048828125,2213.60009765625,2241.0,631492,0.0,0.0,COLPAL,Nifty FMCG,,
687,2025-08-07,2241.10009765625,2246.199951171875,2217.10009765625,2240.300048828125,160148,0.0,0.0,COLPAL,Nifty FMCG,,
688,2025-08-08,2240.39990234375,2245.0,2204.0,2207.39990234375,364214,0.0,0.0,COLPAL,Nifty FMCG,,
689,2025-08-11,2207.89990234375,2220.10009765625,2197.10009765625,2212.39990234375,338195,0.0,0.0,COLPAL,Nifty FMCG,,
690,2025-08-12,2210.0,2232.89990234375,2196.60009765625,2201.60009765625,266482,0.0,0.0,COLPAL,Nifty FMCG,,
691,2025-08-13,2210.0,2210.0,2157.0,2171.699951171875,784548,0.0,0.0,COLPAL,Nifty FMCG,,
692,2025-08-14,2171.5,2183.0,2151.0,2154.0,609379,0.0,0.0,COLPAL,Nifty FMCG,,
693,2025-08-04,534.3499755859375,538.8499755859375,528.2000122070312,529.6500244140625,2602888,0.0,0.0,DABUR,Nifty FMCG,,
694,2025-08-05,529.6500244140625,529.6500244140625,521.0,524.7000122070312,2027038,0.0,0.0,DABUR,Nifty FMCG,,
695,2025-08-06,524.1500244140625,524.1500244140625,512.0,514.0,931299,0.0,0.0,DABUR,Nifty FMCG,,
696,2025-08-07,513.75,519.7000122070312,512.0999755859375,517.2000122070312,957305,0.0,0.0,DABUR,Nifty FMCG,,
697,2025-08-08,518.0,519.7999877929688,506.0,507.25,510393,0.0,0.0,DABUR,Nifty FMCG,,
698,2025-08-11,507.7000122070313,511.5499877929688,499.2999877929688,510.0499877929688,1123741,0.0,0.0,DABUR,Nifty FMCG,,
699,2025-08-12,510.0,510.9500122070313,501.25,502.8999938964844,839972,0.0,0.0,DABUR,Nifty FMCG,,
700,2025-08-13,503.3999938964844,504.9500122070313,498.6499938964844,503.5,864573,0.0,0.0,DABUR,Nifty FMCG,,
701,2025-08-14,504.0,505.5,499.3999938964844,500.8999938964844,1202134,0.0,0.0,DABUR,Nifty FMCG,,
702,2025-08-04,1264.611030894153,1264.611030894153,1221.092963636495,1244.1964111328125,1763667,0.0,0.0,GODREJCP,Nifty FMCG,,
703,2025-08-05,1249.673433476662,1249.673433476662,1208.3462787389797,1214.3212890625,1442317,0.0,0.0,GODREJCP,Nifty FMCG,,
704,2025-08-06,1214.3212637046906,1215.516217119683,1183.052019352195,1197.5911865234375,1170361,0.0,0.0,GODREJCP,Nifty FMCG,,
705,2025-08-07,1192.014615918769,1219.8979987472785,1188.2303939101394,1214.9188232421875,1121402,0.0,0.0,GODREJCP,Nifty FMCG,,
706,2025-08-08,1210.138687350047,1240.810455089373,1177.9732886183333,1181.159912109375,2018271,0.0,0.0,GODREJCP,Nifty FMCG,,
707,2025-08-11,1182.1557785745836,1198.0891395771876,1154.7703143513577,1195.0020751953125,940924,0.0,0.0,GODREJCP,Nifty FMCG,,
708,2025-08-12,1195.0020824656392,1203.7654796951465,1184.4462550495723,1195.5,1119857,0.0,0.0,GODREJCP,Nifty FMCG,,
709,2025-08-13,1205.5,1206.5,1185.300048828125,1198.800048828125,886544,5.0,0.0,GODREJCP,Nifty FMCG,,
710,2025-08-14,1197.5,1200.9000244140625,1174.699951171875,1184.9000244140625,934906,0.0,0.0,GODREJCP,Nifty FMCG,,
711,2025-08-04,2547.0,2583.199951171875,2535.10009765625,2543.699951171875,1293028,0.0,0.0,HINDUNILVR,Nifty FMCG,,
712,2025-08-05,2537.5,2553.0,2517.300048828125,2534.699951171875,756361,0.0,0.0,HINDUNILVR,Nifty FMCG,,
713,2025-08-06,2538.699951171875,2563.10009765625,2526.60009765625,2535.60009765625,885487,0.0,0.0,HINDUNILVR,Nifty FMCG,,
714,2025-08-07,2535.699951171875,2544.0,2495.0,2517.5,847151,0.0,0.0,HINDUNILVR,Nifty FMCG,,
715,2025-08-08,2516.0,2529.89990234375,2486.60009765625,2498.60009765625,839794,0.0,0.0,HINDUNILVR,Nifty FMCG,,
716,2025-08-11,2490.10009765625,2524.5,2478.5,2518.39990234375,992436,0.0,0.0,HINDUNILVR,Nifty FMCG,,
717,2025-08-12,2518.0,2536.60009765625,2480.10009765625,2483.800048828125,1406211,0.0,0.0,HINDUNILVR,Nifty FMCG,,
718,2025-08-13,2485.0,2501.5,2473.39990234375,2495.10009765625,969803,0.0,0.0,HINDUNILVR,Nifty FMCG,,
719,2025-08-14,2498.89990234375,2509.0,2473.199951171875,2480.60009765625,1104362,0.0,0.0,HINDUNILVR,Nifty FMCG,,
720,2025-08-04,420.2000122070313,422.5,415.1000061035156,416.8500061035156,18352458,0.0,0.0,ITC,Nifty FMCG,,
721,2025-08-05,417.2000122070313,417.9500122070313,413.0,414.1499938964844,8495104,0.0,0.0,ITC,Nifty FMCG,,
722,2025-08-06,414.1499938964844,415.0,410.5,412.0,9080543,0.0,0.0,ITC,Nifty FMCG,,
723,2025-08-07,412.0,414.75,411.6499938964844,413.6000061035156,11514878,0.0,0.0,ITC,Nifty FMCG,,
724,2025-08-08,413.8999938964844,415.3500061035156,412.9500122070313,414.5,9814361,0.0,0.0,ITC,Nifty FMCG,,
725,2025-08-11,414.5,417.0,414.0,416.8500061035156,8514272,0.0,0.0,ITC,Nifty FMCG,,
726,2025-08-12,417.0,419.7999877929688,415.2999877929688,416.3500061035156,13635738,0.0,0.0,ITC,Nifty FMCG,,
727,2025-08-13,417.2000122070313,417.5,413.6000061035156,414.1000061035156,10874910,0.0,0.0,ITC,Nifty FMCG,,
728,2025-08-14,414.25,415.0499877929688,411.0,411.4500122070313,9580361,0.0,0.0,ITC,Nifty FMCG,,
729,2025-08-04,712.9500122070312,733.9000244140625,707.0999755859375,723.2999877929688,4451592,0.0,0.0,MARICO,Nifty FMCG,,
730,2025-08-05,730.0499877929688,734.8499755859375,707.4000244140625,716.0499877929688,3632435,0.0,0.0,MARICO,Nifty FMCG,,
731,2025-08-06,720.0,724.0999755859375,709.2999877929688,714.6500244140625,2396780,0.0,0.0,MARICO,Nifty FMCG,,
732,2025-08-07,712.1500244140625,719.9000244140625,707.25,718.5499877929688,977299,0.0,0.0,MARICO,Nifty FMCG,,
733,2025-08-08,718.9500122070312,719.25,702.7000122070312,703.9500122070312,1321300,0.0,0.0,MARICO,Nifty FMCG,,
734,2025-08-11,705.7999877929688,710.1500244140625,695.2000122070312,707.0,1145468,0.0,0.0,MARICO,Nifty FMCG,,
735,2025-08-12,707.7000122070312,712.5,702.8499755859375,704.0999755859375,867153,0.0,0.0,MARICO,Nifty FMCG,,
736,2025-08-13,705.0499877929688,711.0,699.25,710.2000122070312,1291837,0.0,0.0,MARICO,Nifty FMCG,,
737,2025-08-14,710.2000122070312,713.2000122070312,704.9000244140625,710.5499877929688,1469217,0.0,0.0,MARICO,Nifty FMCG,,
738,2025-08-04,1143.0,1143.300048828125,1129.0,1138.699951171875,812794,0.0,0.0,NESTLEIND,Nifty FMCG,,
739,2025-08-05,1139.8499755859375,1141.199951171875,1125.050048828125,1133.6500244140625,1135934,0.0,0.0,NESTLEIND,Nifty FMCG,,
740,2025-08-06,1135.0,1136.199951171875,1113.050048828125,1116.6500244140625,1127544,0.0,0.0,NESTLEIND,Nifty FMCG,,
741,2025-08-07,1118.0,1123.199951171875,1107.5,1117.300048828125,1014230,0.0,0.0,NESTLEIND,Nifty FMCG,,
742,2025-08-08,1122.0,1126.4000244140625,1093.4000244140625,1096.5,1242852,0.0,2.0,NESTLEIND,Nifty FMCG,,
743,2025-08-11,1097.0,1108.9000244140625,1087.0,1105.0,1038967,0.0,0.0,NESTLEIND,Nifty FMCG,,
744,2025-08-12,1108.0,1109.5999755859375,1089.0,1091.0999755859375,758197,0.0,0.0,NESTLEIND,Nifty FMCG,,
745,2025-08-13,1091.0999755859375,1100.800048828125,1086.5999755859375,1096.9000244140625,813725,0.0,0.0,NESTLEIND,Nifty FMCG,,
746,2025-08-14,1099.9000244140625,1103.0,1084.699951171875,1089.4000244140625,941698,0.0,0.0,NESTLEIND,Nifty FMCG,,
747,2025-08-04,13693.0,13782.0,13480.0,13607.0,7146,0.0,0.0,PGHH,Nifty FMCG,,
748,2025-08-05,13690.0,13690.0,13324.0,13356.0,4086,0.0,0.0,PGHH,Nifty FMCG,,
749,2025-08-06,13361.0,13389.0,13160.0,13227.0,5743,0.0,0.0,PGHH,Nifty FMCG,,
750,2025-08-07,13100.0,13295.0,13100.0,13217.0,6185,0.0,0.0,PGHH,Nifty FMCG,,
751,2025-08-08,13217.0,13408.0,13148.0,13223.0,86531,0.0,0.0,PGHH,Nifty FMCG,,
752,2025-08-11,13398.0,13398.0,13215.0,13302.0,6468,0.0,0.0,PGHH,Nifty FMCG,,
753,2025-08-12,13360.0,13410.0,13160.0,13182.0,4612,0.0,0.0,PGHH,Nifty FMCG,,
754,2025-08-13,13200.0,13238.0,13068.0,13100.0,16945,0.0,0.0,PGHH,Nifty FMCG,,
755,2025-08-14,13100.0,13440.0,13070.0,13268.0,10954,0.0,0.0,PGHH,Nifty FMCG,,
756,2025-08-04,2865.0,2935.60009765625,2780.5,2798.300048828125,661531,0.0,0.0,RADICO,Nifty FMCG,,
757,2025-08-05,2815.0,2924.10009765625,2805.300048828125,2887.10009765625,629435,0.0,0.0,RADICO,Nifty FMCG,,
758,2025-08-06,2899.0,2918.0,2570.699951171875,2837.60009765625,509089,0.0,0.0,RADICO,Nifty FMCG,,
759,2025-08-07,2840.60009765625,2868.5,2805.60009765625,2837.0,234142,0.0,0.0,RADICO,Nifty FMCG,,
760,2025-08-08,2849.0,2861.39990234375,2808.0,2824.10009765625,158615,0.0,0.0,RADICO,Nifty FMCG,,
761,2025-08-11,2824.10009765625,2884.0,2822.10009765625,2856.300048828125,209442,0.0,0.0,RADICO,Nifty FMCG,,
762,2025-08-12,2867.0,2915.0,2845.60009765625,2895.5,211968,0.0,0.0,RADICO,Nifty FMCG,,
763,2025-08-13,2915.0,2915.5,2791.0,2823.89990234375,233643,0.0,0.0,RADICO,Nifty FMCG,,
764,2025-08-14,2847.60009765625,2871.0,2777.300048828125,2857.60009765625,185108,0.0,0.0,RADICO,Nifty FMCG,,
765,2025-08-04,1070.4000244140625,1075.5999755859375,1060.0,1072.5999755859375,663828,0.0,0.0,TATACONSUM,Nifty FMCG,,
766,2025-08-05,1072.5999755859375,1073.0,1059.0999755859375,1064.5999755859375,861402,0.0,0.0,TATACONSUM,Nifty FMCG,,
767,2025-08-06,1061.0,1067.300048828125,1050.5999755859375,1052.800048828125,598309,0.0,0.0,TATACONSUM,Nifty FMCG,,
768,2025-08-07,1051.0,1056.5,1038.699951171875,1052.800048828125,600790,0.0,0.0,TATACONSUM,Nifty FMCG,,
769,2025-08-08,1052.0,1062.0,1043.0,1051.0,843741,0.0,0.0,TATACONSUM,Nifty FMCG,,
770,2025-08-11,1048.0,1062.9000244140625,1037.699951171875,1059.0999755859375,617689,0.0,0.0,TATACONSUM,Nifty FMCG,,
771,2025-08-12,1055.800048828125,1062.9000244140625,1045.0,1046.800048828125,651741,0.0,0.0,TATACONSUM,Nifty FMCG,,
772,2025-08-13,1047.800048828125,1058.699951171875,1043.199951171875,1056.0999755859375,501792,0.0,0.0,TATACONSUM,Nifty FMCG,,
773,2025-08-14,1057.199951171875,1059.4000244140625,1045.4000244140625,1051.199951171875,767620,0.0,0.0,TATACONSUM,Nifty FMCG,,
774,2025-08-04,1924.9000244140625,1945.0,1904.199951171875,1939.4000244140625,68023,0.0,0.0,UBL,Nifty FMCG,,
775,2025-08-05,1945.0,1946.300048828125,1919.0,1927.199951171875,17866,0.0,0.0,UBL,Nifty FMCG,,
776,2025-08-06,1934.0,1944.0,1918.0,1929.5999755859373,49757,0.0,0.0,UBL,Nifty FMCG,,
777,2025-08-07,1929.5999755859373,1938.9000244140625,1917.9000244140625,1933.4000244140625,64259,0.0,0.0,UBL,Nifty FMCG,,
778,2025-08-08,1935.0999755859373,1936.800048828125,1913.800048828125,1920.0999755859373,61699,0.0,0.0,UBL,Nifty FMCG,,
779,2025-08-11,1911.0,1924.5999755859373,1895.199951171875,1919.0,159713,0.0,0.0,UBL,Nifty FMCG,,
780,2025-08-12,1915.0,1939.9000244140625,1905.300048828125,1920.0,377666,0.0,0.0,UBL,Nifty FMCG,,
781,2025-08-13,1926.0,1928.199951171875,1906.0,1919.9000244140625,79722,0.0,0.0,UBL,Nifty FMCG,,
782,2025-08-14,1921.9000244140625,1934.0,1910.0999755859373,1925.199951171875,54747,0.0,0.0,UBL,Nifty FMCG,,
783,2025-08-04,510.0,511.5499877929688,503.0499877929688,508.6000061035156,3691631,0.0,0.0,VBL,Nifty FMCG,,
784,2025-08-05,511.0,512.9000244140625,504.6499938964844,508.1000061035156,2223010,0.0,0.0,VBL,Nifty FMCG,,
785,2025-08-06,506.0,507.9500122070313,497.25,499.2000122070313,3191536,0.0,0.0,VBL,Nifty FMCG,,
786,2025-08-07,495.0,504.25,491.3999938964844,502.7000122070313,4385680,0.0,0.0,VBL,Nifty FMCG,,
787,2025-08-08,504.2000122070313,507.1499938964844,494.6499938964844,495.9500122070313,2571658,0.0,0.0,VBL,Nifty FMCG,,
788,2025-08-11,495.9500122070313,512.0,492.5,510.75,6605020,0.0,0.0,VBL,Nifty FMCG,,
789,2025-08-12,512.75,517.4000244140625,508.1499938964844,514.25,3513096,0.0,0.0,VBL,Nifty FMCG,,
790,2025-08-13,514.0,520.0,510.0499877929688,511.1000061035156,6969613,0.0,0.0,VBL,Nifty FMCG,,
791,2025-08-14,510.8500061035156,510.8500061035156,499.4500122070313,501.8500061035156,5002148,0.0,0.0,VBL,Nifty FMCG,,
792,2025-08-04,2080.0,2080.0,2022.0,2056.699951171875,31531,0.0,0.0,ZYDUSWELL,Nifty FMCG,,
793,2025-08-05,2056.699951171875,2056.699951171875,1976.699951171875,1982.9000244140625,39404,0.0,0.0,ZYDUSWELL,Nifty FMCG,,
794,2025-08-06,1994.5,2009.4000244140625,1950.0,1958.4000244140625,37207,0.0,0.0,ZYDUSWELL,Nifty FMCG,,
795,2025-08-07,1940.699951171875,1958.0,1925.0,1931.699951171875,25160,0.0,0.0,ZYDUSWELL,Nifty FMCG,,
796,2025-08-08,1931.699951171875,1969.5999755859373,1917.699951171875,1936.5,23344,0.0,0.0,ZYDUSWELL,Nifty FMCG,,
797,2025-08-11,1949.9000244140625,1955.199951171875,1919.0,1941.5,26663,0.0,0.0,ZYDUSWELL,Nifty FMCG,,
798,2025-08-12,1941.5999755859373,1961.5999755859373,1927.0,1941.4000244140625,17797,0.0,0.0,ZYDUSWELL,Nifty FMCG,,
799,2025-08-13,1933.0,1975.0,1930.5999755859373,1948.699951171875,27186,0.0,0.0,ZYDUSWELL,Nifty FMCG,,
800,2025-08-14,1946.0,1971.4000244140625,1924.9000244140625,1929.800048828125,32567,0.0,0.0,ZYDUSWELL,Nifty FMCG,,
801,2025-08-04,7387.0,7388.0,7295.0,7308.0,260996,0.0,0.0,APOLLOHOSP,Nifty Healthcare,,
802,2025-08-05,7312.0,7342.0,7235.5,7274.0,282791,0.0,0.0,APOLLOHOSP,Nifty Healthcare,,
803,2025-08-06,7270.0,7279.0,7164.5,7189.5,296623,0.0,0.0,APOLLOHOSP,Nifty Healthcare,,
804,2025-08-07,7164.0,7197.5,7053.5,7170.0,407857,0.0,0.0,APOLLOHOSP,Nifty Healthcare,,
805,2025-08-08,7170.0,7198.5,7066.0,7084.5,327102,0.0,0.0,APOLLOHOSP,Nifty Healthcare,,
806,2025-08-11,7101.0,7320.0,7020.5,7259.0,498598,0.0,0.0,APOLLOHOSP,Nifty Healthcare,,
807,2025-08-12,7259.0,7285.0,7205.0,7236.5,342006,0.0,0.0,APOLLOHOSP,Nifty Healthcare,,
808,2025-08-13,7403.0,7840.0,7389.0,7808.5,2291645,0.0,0.0,APOLLOHOSP,Nifty Healthcare,,
809,2025-08-14,7830.0,7859.5,7749.0,7821.5,673142,0.0,0.0,APOLLOHOSP,Nifty Healthcare,,
810,2025-08-04,8909.0,8983.5,8865.0,8957.5,8507,0.0,0.0,ASTRAZEN,Nifty Healthcare,,
811,2025-08-05,8912.5,8999.0,8831.0,8855.5,7831,0.0,0.0,ASTRAZEN,Nifty Healthcare,,
812,2025-08-06,8850.0,8892.0,8731.0,8834.5,12030,0.0,0.0,ASTRAZEN,Nifty Healthcare,,
813,2025-08-07,8800.0,8807.0,8666.0,8723.5,9367,0.0,0.0,ASTRAZEN,Nifty Healthcare,,
814,2025-08-08,8750.0,8888.0,8661.0,8784.5,15302,0.0,0.0,ASTRAZEN,Nifty Healthcare,,
815,2025-08-11,8735.0,8899.0,8619.0,8796.5,10106,0.0,0.0,ASTRAZEN,Nifty Healthcare,,
816,2025-08-12,8880.0,8937.0,8630.0,8671.5,9468,0.0,0.0,ASTRAZEN,Nifty Healthcare,,
817,2025-08-13,8678.0,8757.0,8252.0,8416.5,34709,0.0,0.0,ASTRAZEN,Nifty Healthcare,,
818,2025-08-14,8426.0,8979.5,8205.5,8314.5,257331,0.0,0.0,ASTRAZEN,Nifty Healthcare,,
819,2025-08-04,1081.0420373399852,1097.2811290277189,1071.97609284777,1086.322265625,716719,0.0,0.0,AUROPHARMA,Nifty Healthcare,,
820,2025-08-05,1069.0869070968668,1105.2512047504338,1056.932580042716,1075.2637939453125,2733423,0.0,0.0,AUROPHARMA,Nifty Healthcare,,
821,2025-08-06,1066.8951283164615,1080.9423735485725,1056.2350706505135,1068.2899169921875,1830084,0.0,0.0,AUROPHARMA,Nifty Healthcare,,
822,2025-08-07,1056.1355028866735,1080.2450747309756,1043.6822493350105,1065.5999755859375,947918,0.0,0.0,AUROPHARMA,Nifty Healthcare,,
823,2025-08-08,1070.0999755859375,1070.800048828125,1039.199951171875,1042.0999755859375,881747,4.0,0.0,AUROPHARMA,Nifty Healthcare,,
824,2025-08-11,1042.0,1056.4000244140625,1031.800048828125,1052.9000244140625,796011,0.0,0.0,AUROPHARMA,Nifty Healthcare,,
825,2025-08-12,1052.5,1068.5,1045.0999755859375,1058.199951171875,668937,0.0,0.0,AUROPHARMA,Nifty Healthcare,,
826,2025-08-13,1059.199951171875,1083.5999755859375,1057.199951171875,1078.199951171875,444446,0.0,0.0,AUROPHARMA,Nifty Healthcare,,
827,2025-08-14,1081.0,1113.0,1070.0,1083.5999755859375,1154139,0.0,0.0,AUROPHARMA,Nifty Healthcare,,
828,2025-08-04,383.1000061035156,386.6000061035156,373.0499877929688,382.3999938964844,8430624,0.0,0.0,BIOCON,Nifty Healthcare,,
829,2025-08-05,383.0,386.7999877929688,370.6499938964844,372.3500061035156,3095425,0.0,0.0,BIOCON,Nifty Healthcare,,
830,2025-08-06,372.0,372.8999938964844,359.3999938964844,360.3999938964844,4170067,0.0,0.0,BIOCON,Nifty Healthcare,,
831,2025-08-07,358.79998779296875,366.2999877929688,355.54998779296875,364.2000122070313,2148156,0.0,0.0,BIOCON,Nifty Healthcare,,
832,2025-08-08,358.95001220703125,365.7999877929688,341.20001220703125,343.3500061035156,5841196,0.0,0.0,BIOCON,Nifty Healthcare,,
833,2025-08-11,342.6000061035156,342.8500061035156,331.0,342.1000061035156,5044883,0.0,0.0,BIOCON,Nifty Healthcare,,
834,2025-08-12,342.1000061035156,357.5,340.1000061035156,354.8999938964844,7056392,0.0,0.0,BIOCON,Nifty Healthcare,,
835,2025-08-13,355.45001220703125,361.8999938964844,354.0,360.25,2379044,0.0,0.0,BIOCON,Nifty Healthcare,,
836,2025-08-14,361.0,368.0,358.1499938964844,359.25,2525023,0.0,0.0,BIOCON,Nifty Healthcare,,
837,2025-08-04,6372.0,6513.5,6343.0,6489.5,351237,0.0,0.0,DIVISLAB,Nifty Healthcare,,
838,2025-08-05,6489.5,6530.5,6363.5,6409.0,377699,0.0,0.0,DIVISLAB,Nifty Healthcare,,
839,2025-08-06,6410.5,6449.0,6054.5,6133.5,984259,0.0,0.0,DIVISLAB,Nifty Healthcare,,
840,2025-08-07,6150.0,6174.5,5960.5,6131.5,1004420,0.0,0.0,DIVISLAB,Nifty Healthcare,,
841,2025-08-08,6100.0,6118.0,5893.5,5914.5,541367,0.0,0.0,DIVISLAB,Nifty Healthcare,,
842,2025-08-11,5891.0,6016.0,5856.5,5992.0,677693,0.0,0.0,DIVISLAB,Nifty Healthcare,,
843,2025-08-12,5992.0,6015.0,5947.0,5961.0,477759,0.0,0.0,DIVISLAB,Nifty Healthcare,,
844,2025-08-13,5971.0,6150.0,5970.0,6100.5,394932,0.0,0.0,DIVISLAB,Nifty Healthcare,,
845,2025-08-14,6155.0,6205.0,6091.0,6132.5,407062,0.0,0.0,DIVISLAB,Nifty Healthcare,,
846,2025-08-04,1225.0999755859375,1232.199951171875,1219.199951171875,1225.0,767310,0.0,0.0,DRREDDY,Nifty Healthcare,,
847,2025-08-05,1225.0,1232.0,1205.0,1214.800048828125,956582,0.0,0.0,DRREDDY,Nifty Healthcare,,
848,2025-08-06,1214.800048828125,1217.800048828125,1187.5,1196.699951171875,1701845,0.0,0.0,DRREDDY,Nifty Healthcare,,
849,2025-08-07,1184.0,1210.0,1183.4000244140625,1200.800048828125,1246560,0.0,0.0,DRREDDY,Nifty Healthcare,,
850,2025-08-08,1200.800048828125,1215.0,1195.4000244140625,1211.4000244140625,2389106,0.0,0.0,DRREDDY,Nifty Healthcare,,
851,2025-08-11,1212.5,1237.0,1208.5999755859375,1219.5,1246374,0.0,0.0,DRREDDY,Nifty Healthcare,,
852,2025-08-12,1210.0,1227.199951171875,1204.0999755859375,1220.300048828125,922461,0.0,0.0,DRREDDY,Nifty Healthcare,,
853,2025-08-13,1220.300048828125,1255.5,1219.800048828125,1253.4000244140625,1192506,0.0,0.0,DRREDDY,Nifty Healthcare,,
854,2025-08-14,1255.0999755859375,1266.0,1250.199951171875,1260.4000244140625,1603933,0.0,0.0,DRREDDY,Nifty Healthcare,,
855,2025-08-04,1957.464580531395,1980.9459061750308,1932.4972205733168,1964.4991455078125,111010,0.0,0.0,GLAND,Nifty Healthcare,,
856,2025-08-05,1964.499076275986,1994.321233214832,1913.1771347952777,1946.5660400390625,148493,0.0,0.0,GLAND,Nifty Healthcare,,
857,2025-08-06,2001.5538587705385,2070.115106489832,1922.3914185582448,1939.4326171875,1948663,0.0,0.0,GLAND,Nifty Healthcare,,
858,2025-08-07,1921.8959956032704,1958.7525970025,1907.232548927573,1939.7298583984373,256619,0.0,0.0,GLAND,Nifty Healthcare,,
859,2025-08-08,1938.9371718997493,1954.294109132476,1911.889098589821,1916.743896484375,152477,0.0,0.0,GLAND,Nifty Healthcare,,
860,2025-08-11,1916.7439628571835,1927.246102559024,1889.696009554263,1918.4283447265625,78843,0.0,0.0,GLAND,Nifty Healthcare,,
861,2025-08-12,1925.0664230690284,1948.844906936068,1897.027579131696,1915.5550537109373,208466,0.0,0.0,GLAND,Nifty Healthcare,,
862,2025-08-13,1916.149522678902,1951.81724905762,1904.2602805526624,1932.199951171875,202968,0.0,0.0,GLAND,Nifty Healthcare,,
863,2025-08-14,1948.0,1998.0,1945.0,1975.800048828125,208200,18.0,0.0,GLAND,Nifty Healthcare,,
864,2025-08-04,1448.0904134675234,1461.4718680023352,1416.6340664623483,1441.199951171875,126388,0.0,0.0,IPCALAB,Nifty Healthcare,,
865,2025-08-05,1454.0,1456.5,1412.0,1427.0,115437,2.0,0.0,IPCALAB,Nifty Healthcare,,
866,2025-08-06,1420.199951171875,1427.800048828125,1375.0,1387.300048828125,132650,0.0,0.0,IPCALAB,Nifty Healthcare,,
867,2025-08-07,1370.300048828125,1396.5999755859375,1368.0999755859375,1391.5,114551,0.0,0.0,IPCALAB,Nifty Healthcare,,
868,2025-08-08,1399.9000244140625,1407.0,1376.800048828125,1386.800048828125,55816,0.0,0.0,IPCALAB,Nifty Healthcare,,
869,2025-08-11,1380.0,1396.5,1322.0,1336.699951171875,488727,0.0,0.0,IPCALAB,Nifty Healthcare,,
870,2025-08-12,1343.300048828125,1395.5999755859375,1343.300048828125,1376.699951171875,376991,0.0,0.0,IPCALAB,Nifty Healthcare,,
871,2025-08-13,1396.4000244140625,1397.4000244140625,1341.9000244140625,1364.5999755859375,113370,0.0,0.0,IPCALAB,Nifty Healthcare,,
872,2025-08-14,1376.0,1403.0,1350.5,1365.9000244140625,95383,0.0,0.0,IPCALAB,Nifty Healthcare,,
873,2025-08-04,3200.078307614903,3200.078307614903,3079.4052392865187,3094.177490234375,91619,0.0,0.0,LALPATHLAB,Nifty Healthcare,,
874,2025-08-05,3095.1754318279472,3207.963185390204,3095.1754318279472,3188.39990234375,174428,0.0,0.0,LALPATHLAB,Nifty Healthcare,,
875,2025-08-06,3181.0,3221.0,3167.60009765625,3208.89990234375,127428,6.0,0.0,LALPATHLAB,Nifty Healthcare,,
876,2025-08-07,3192.89990234375,3227.39990234375,3146.5,3213.10009765625,80081,0.0,0.0,LALPATHLAB,Nifty Healthcare,,
877,2025-08-08,3219.0,3223.800048828125,3170.0,3190.300048828125,60273,0.0,0.0,LALPATHLAB,Nifty Healthcare,,
878,2025-08-11,3190.0,3229.10009765625,3174.699951171875,3219.0,51648,0.0,0.0,LALPATHLAB,Nifty Healthcare,,
879,2025-08-12,3219.0,3265.39990234375,3218.199951171875,3256.0,62659,0.0,0.0,LALPATHLAB,Nifty Healthcare,,
880,2025-08-13,3256.0,3310.800048828125,3233.199951171875,3295.39990234375,98394,0.0,0.0,LALPATHLAB,Nifty Healthcare,,
881,2025-08-14,3318.0,3365.0,3260.0,3347.800048828125,95480,0.0,0.0,LALPATHLAB,Nifty Healthcare,,
882,2025-08-04,2060.0,2061.5,2000.300048828125,2040.5999755859373,54663,0.0,0.0,METROPOLIS,Nifty Healthcare,,
883,2025-08-05,2043.0,2054.699951171875,2005.9000244140625,2028.800048828125,34130,0.0,0.0,METROPOLIS,Nifty Healthcare,,
884,2025-08-06,2029.800048828125,2060.89990234375,2007.699951171875,2055.699951171875,60476,0.0,0.0,METROPOLIS,Nifty Healthcare,,
885,2025-08-07,2066.0,2075.0,1965.800048828125,1994.5999755859373,58325,0.0,0.0,METROPOLIS,Nifty Healthcare,,
886,2025-08-08,2024.5,2030.0,1978.300048828125,2008.4000244140625,55614,0.0,0.0,METROPOLIS,Nifty Healthcare,,
887,2025-08-11,2028.0,2075.0,2005.5999755859373,2043.4000244140625,139180,0.0,0.0,METROPOLIS,Nifty Healthcare,,
888,2025-08-12,2060.89990234375,2106.39990234375,2050.10009765625,2092.89990234375,92084,0.0,0.0,METROPOLIS,Nifty Healthcare,,
889,2025-08-13,2104.0,2160.199951171875,2080.0,2125.60009765625,119608,0.0,0.0,METROPOLIS,Nifty Healthcare,,
890,2025-08-14,2150.0,2150.0,2101.5,2121.300048828125,53638,0.0,0.0,METROPOLIS,Nifty Healthcare,,
891,2025-08-04,5000.0,5034.5,4921.0,5009.0,23227,0.0,0.0,PFIZER,Nifty Healthcare,,
892,2025-08-05,5047.5,5118.0,5009.0,5090.5,18084,0.0,0.0,PFIZER,Nifty Healthcare,,
893,2025-08-06,5092.0,5110.0,4989.5,5051.5,14828,0.0,0.0,PFIZER,Nifty Healthcare,,
894,2025-08-07,5031.5,5040.5,4940.0,5020.0,17767,0.0,0.0,PFIZER,Nifty Healthcare,,
895,2025-08-08,5005.5,5045.0,4960.0,4993.0,11695,0.0,0.0,PFIZER,Nifty Healthcare,,
896,2025-08-11,4995.0,5200.0,4915.0,5060.5,14601,0.0,0.0,PFIZER,Nifty Healthcare,,
897,2025-08-12,5118.0,5200.0,5083.0,5102.0,29076,0.0,0.0,PFIZER,Nifty Healthcare,,
898,2025-08-13,5126.0,5147.0,5068.0,5107.0,15634,0.0,0.0,PFIZER,Nifty Healthcare,,
899,2025-08-14,5280.0,5513.5,5263.5,5328.0,432057,0.0,0.0,PFIZER,Nifty Healthcare,,
900,2025-08-04,5550.0,5554.0,5380.0,5409.5,13946,0.0,0.0,SANOFI,Nifty Healthcare,,
901,2025-08-05,5469.5,5492.0,5396.0,5413.0,14033,0.0,0.0,SANOFI,Nifty Healthcare,,
902,2025-08-06,5413.0,5433.5,5315.0,5335.0,19141,0.0,0.0,SANOFI,Nifty Healthcare,,
903,2025-08-07,5330.0,5355.0,5161.0,5179.5,25448,0.0,0.0,SANOFI,Nifty Healthcare,,
904,2025-08-08,5200.0,5241.0,5160.5,5199.5,6137,0.0,0.0,SANOFI,Nifty Healthcare,,
905,2025-08-11,5180.0,5202.0,5088.5,5109.5,10392,0.0,0.0,SANOFI,Nifty Healthcare,,
906,2025-08-12,5113.0,5165.0,5075.0,5093.0,9881,0.0,0.0,SANOFI,Nifty Healthcare,,
907,2025-08-13,5093.0,5121.5,5054.0,5061.5,9952,0.0,0.0,SANOFI,Nifty Healthcare,,
908,2025-08-14,5061.5,5126.5,5050.5,5076.0,10074,0.0,0.0,SANOFI,Nifty Healthcare,,
909,2025-08-04,1629.800048828125,1647.4000244140625,1613.5999755859375,1641.5999755859375,1898762,0.0,0.0,SUNPHARMA,Nifty Healthcare,,
910,2025-08-05,1640.9000244140625,1644.5999755859375,1620.0999755859375,1632.0999755859375,1622897,0.0,0.0,SUNPHARMA,Nifty Healthcare,,
911,2025-08-06,1629.699951171875,1629.699951171875,1591.0,1595.199951171875,2376257,0.0,0.0,SUNPHARMA,Nifty Healthcare,,
912,2025-08-07,1581.0,1605.4000244140625,1571.0,1598.4000244140625,3435674,0.0,0.0,SUNPHARMA,Nifty Healthcare,,
913,2025-08-08,1590.0,1602.0,1580.9000244140625,1586.9000244140625,1654424,0.0,0.0,SUNPHARMA,Nifty Healthcare,,
914,2025-08-11,1586.9000244140625,1660.0,1584.199951171875,1608.4000244140625,1140902,0.0,0.0,SUNPHARMA,Nifty Healthcare,,
915,2025-08-12,1611.699951171875,1636.699951171875,1610.0999755859375,1622.199951171875,1679088,0.0,0.0,SUNPHARMA,Nifty Healthcare,,
916,2025-08-13,1624.199951171875,1643.5,1617.300048828125,1639.800048828125,1313668,0.0,0.0,SUNPHARMA,Nifty Healthcare,,
917,2025-08-14,1639.800048828125,1651.0999755859375,1632.199951171875,1641.4000244140625,1738094,0.0,0.0,SUNPHARMA,Nifty Healthcare,,
918,2025-08-04,3658.300048828125,3675.5,3604.39990234375,3612.800048828125,406695,0.0,0.0,TORNTPHARM,Nifty Healthcare,,
919,2025-08-05,3612.5,3631.800048828125,3583.5,3589.199951171875,281518,0.0,0.0,TORNTPHARM,Nifty Healthcare,,
920,2025-08-06,3580.10009765625,3591.10009765625,3516.10009765625,3524.10009765625,257376,0.0,0.0,TORNTPHARM,Nifty Healthcare,,
921,2025-08-07,3490.199951171875,3637.0,3490.199951171875,3596.699951171875,402653,0.0,0.0,TORNTPHARM,Nifty Healthcare,,
922,2025-08-08,3600.0,3619.199951171875,3562.800048828125,3573.199951171875,178509,0.0,0.0,TORNTPHARM,Nifty Healthcare,,
923,2025-08-11,3573.199951171875,3620.10009765625,3558.0,3614.89990234375,125488,0.0,0.0,TORNTPHARM,Nifty Healthcare,,
924,2025-08-12,3614.89990234375,3641.800048828125,3591.699951171875,3626.10009765625,230368,0.0,0.0,TORNTPHARM,Nifty Healthcare,,
925,2025-08-13,3629.699951171875,3652.300048828125,3604.0,3617.800048828125,287440,0.0,0.0,TORNTPHARM,Nifty Healthcare,,
926,2025-08-14,3621.300048828125,3647.699951171875,3593.89990234375,3623.0,382408,0.0,0.0,TORNTPHARM,Nifty Healthcare,,
927,2025-08-04,949.9500122070312,962.0,946.5499877929688,958.8499755859376,621617,0.0,0.0,ZYDUSLIFE,Nifty Healthcare,,
928,2025-08-05,953.5,964.2000122070312,948.0999755859376,960.25,479835,0.0,0.0,ZYDUSLIFE,Nifty Healthcare,,
929,2025-08-06,956.0,959.0499877929688,930.0,932.7000122070312,1059453,0.0,0.0,ZYDUSLIFE,Nifty Healthcare,,
930,2025-08-07,920.0,947.75,919.0499877929688,944.4500122070312,954020,0.0,0.0,ZYDUSLIFE,Nifty Healthcare,,
931,2025-08-08,949.7999877929688,952.0499877929688,932.0499877929688,936.1500244140624,589784,0.0,0.0,ZYDUSLIFE,Nifty Healthcare,,
932,2025-08-11,940.9500122070312,958.0,934.0499877929688,955.5499877929688,355333,0.0,0.0,ZYDUSLIFE,Nifty Healthcare,,
933,2025-08-12,955.5499877929688,969.0,948.0,955.6500244140624,912710,0.0,0.0,ZYDUSLIFE,Nifty Healthcare,,
934,2025-08-13,955.6500244140624,997.5,938.5499877929688,988.5999755859376,1911458,0.0,0.0,ZYDUSLIFE,Nifty Healthcare,,
935,2025-08-14,993.5499877929688,1002.8499755859376,982.2000122070312,988.7999877929688,717164,0.0,0.0,ZYDUSLIFE,Nifty Healthcare,,
936,2025-08-04,1349.800048828125,1397.0,1345.199951171875,1388.9000244140625,1368323,0.0,0.0,ADANIPORTS,Nifty Infrastructure,,
937,2025-08-05,1392.0,1394.199951171875,1346.0,1358.0999755859375,3000067,0.0,0.0,ADANIPORTS,Nifty Infrastructure,,
938,2025-08-06,1374.0,1386.9000244140625,1358.0999755859375,1367.0999755859375,2293293,0.0,0.0,ADANIPORTS,Nifty Infrastructure,,
939,2025-08-07,1351.0,1357.9000244140625,1315.0,1345.4000244140625,2857406,0.0,0.0,ADANIPORTS,Nifty Infrastructure,,
940,2025-08-08,1345.4000244140625,1356.9000244140625,1317.699951171875,1325.0,1561061,0.0,0.0,ADANIPORTS,Nifty Infrastructure,,
941,2025-08-11,1325.0,1348.300048828125,1313.699951171875,1339.4000244140625,2053173,0.0,0.0,ADANIPORTS,Nifty Infrastructure,,
942,2025-08-12,1342.0,1349.5999755859375,1328.199951171875,1330.5,1260241,0.0,0.0,ADANIPORTS,Nifty Infrastructure,,
943,2025-08-13,1335.199951171875,1339.300048828125,1316.5999755859375,1319.5999755859375,1205658,0.0,0.0,ADANIPORTS,Nifty Infrastructure,,
944,2025-08-14,1324.800048828125,1329.0,1290.5,1300.300048828125,2298528,0.0,0.0,ADANIPORTS,Nifty Infrastructure,,
945,2025-08-04,780.0,796.0,774.0,792.8499755859375,1554859,0.0,0.0,DLF,Nifty Infrastructure,,
946,2025-08-05,795.0,798.7999877929688,770.0999755859375,780.9500122070312,4368329,0.0,0.0,DLF,Nifty Infrastructure,,
947,2025-08-06,780.9000244140625,781.75,755.0999755859375,764.5,4917073,0.0,0.0,DLF,Nifty Infrastructure,,
948,2025-08-07,759.7999877929688,763.2000122070312,746.25,759.6500244140625,3898418,0.0,0.0,DLF,Nifty Infrastructure,,
949,2025-08-08,759.2000122070312,768.5999755859375,743.1500244140625,747.2000122070312,1923910,0.0,0.0,DLF,Nifty Infrastructure,,
950,2025-08-11,747.25,768.5,742.1500244140625,764.9500122070312,2614700,0.0,0.0,DLF,Nifty Infrastructure,,
951,2025-08-12,764.5999755859375,764.5999755859375,752.0,757.4000244140625,2771092,0.0,0.0,DLF,Nifty Infrastructure,,
952,2025-08-13,758.5,767.2000122070312,753.5499877929688,757.6500244140625,1366582,0.0,0.0,DLF,Nifty Infrastructure,,
953,2025-08-14,759.0,762.7000122070312,749.0,751.5499877929688,1437774,0.0,0.0,DLF,Nifty Infrastructure,,
954,2025-08-04,2036.0,2110.0,2036.0,2098.10009765625,934764,0.0,0.0,GODREJPROP,Nifty Infrastructure,,
955,2025-08-05,2100.199951171875,2120.0,2076.0,2114.800048828125,521123,0.0,0.0,GODREJPROP,Nifty Infrastructure,,
956,2025-08-06,2103.0,2114.5,2054.5,2061.5,605906,0.0,0.0,GODREJPROP,Nifty Infrastructure,,
957,2025-08-07,2042.0999755859373,2063.89990234375,2009.4000244140625,2043.800048828125,1028052,0.0,0.0,GODREJPROP,Nifty Infrastructure,,
958,2025-08-08,2053.699951171875,2072.699951171875,1965.5,1971.9000244140625,802032,0.0,0.0,GODREJPROP,Nifty Infrastructure,,
959,2025-08-11,1973.300048828125,1997.0,1966.699951171875,1990.9000244140625,1286199,0.0,0.0,GODREJPROP,Nifty Infrastructure,,
960,2025-08-12,1990.0,1990.9000244140625,1945.0,1948.800048828125,1127245,0.0,0.0,GODREJPROP,Nifty Infrastructure,,
961,2025-08-13,1955.0999755859373,1977.9000244140625,1948.5999755859373,1960.0999755859373,1298604,0.0,0.0,GODREJPROP,Nifty Infrastructure,,
962,2025-08-14,1961.0,1973.9000244140625,1934.800048828125,1936.5999755859373,341127,0.0,0.0,GODREJPROP,Nifty Infrastructure,,
963,2025-08-04,44.369998931884766,45.40999984741211,44.04999923706055,45.2400016784668,8566971,0.0,0.0,IRB,Nifty Infrastructure,,
964,2025-08-05,45.25,45.45000076293945,44.810001373291016,45.0,4341725,0.0,0.0,IRB,Nifty Infrastructure,,
965,2025-08-06,45.150001525878906,45.290000915527344,44.310001373291016,44.720001220703125,5804766,0.0,0.0,IRB,Nifty Infrastructure,,
966,2025-08-07,44.27999877929688,45.0,43.43000030517578,44.79999923706055,11275670,0.0,0.0,IRB,Nifty Infrastructure,,
967,2025-08-08,44.9900016784668,44.9900016784668,43.400001525878906,43.52000045776367,6497652,0.0,0.0,IRB,Nifty Infrastructure,,
968,2025-08-11,43.650001525878906,44.34999847412109,43.2400016784668,44.25,6046469,0.0,0.0,IRB,Nifty Infrastructure,,
969,2025-08-12,44.2599983215332,45.0,44.09999847412109,44.66999816894531,5436763,0.0,0.0,IRB,Nifty Infrastructure,,
970,2025-08-13,44.75,45.0,44.18000030517578,44.790000915527344,6286772,0.0,0.0,IRB,Nifty Infrastructure,,
971,2025-08-14,44.95000076293945,46.47999954223633,44.45000076293945,45.369998931884766,17522244,0.0,0.0,IRB,Nifty Infrastructure,,
972,2025-08-04,175.63999938964844,178.72000122070312,173.74000549316406,177.9600067138672,2228916,0.0,0.0,IRCON,Nifty Infrastructure,,
973,2025-08-05,178.1699981689453,180.2899932861328,174.47000122070312,175.11000061035156,2058983,0.0,0.0,IRCON,Nifty Infrastructure,,
974,2025-08-06,176.0,176.8300018310547,171.0,171.77999877929688,1747614,0.0,0.0,IRCON,Nifty Infrastructure,,
975,2025-08-07,164.9600067138672,168.5,164.0,167.7100067138672,5305071,0.0,0.0,IRCON,Nifty Infrastructure,,
976,2025-08-08,167.97000122070312,169.1699981689453,163.8000030517578,164.67999267578125,2059914,0.0,0.0,IRCON,Nifty Infrastructure,,
977,2025-08-11,164.5,169.5,162.8000030517578,168.5,2914190,0.0,0.0,IRCON,Nifty Infrastructure,,
978,2025-08-12,168.0,169.1999969482422,166.6999969482422,167.13999938964844,1508311,0.0,0.0,IRCON,Nifty Infrastructure,,
979,2025-08-13,167.39999389648438,169.89999389648438,166.61000061035156,167.6199951171875,1577144,0.0,0.0,IRCON,Nifty Infrastructure,,
980,2025-08-14,167.75999450683594,169.89999389648438,164.72000122070312,165.3800048828125,1770277,0.0,0.0,IRCON,Nifty Infrastructure,,
981,2025-08-04,107.48826254913564,110.96142434209015,106.78964177022876,110.61211395263672,5666170,0.0,0.0,NBCC,Nifty Infrastructure,,
982,2025-08-05,110.9414667366494,111.72990692186282,109.53423509554624,110.2827606201172,4455556,0.0,0.0,NBCC,Nifty Infrastructure,,
983,2025-08-06,110.0831562960431,110.6819751897567,108.28669200050696,109.883544921875,4194497,0.0,0.0,NBCC,Nifty Infrastructure,,
984,2025-08-07,109.18492769296896,110.39254799190886,106.8894463090827,109.42445373535156,9320080,0.0,0.0,NBCC,Nifty Infrastructure,,
985,2025-08-08,109.7937297637213,109.9534112548407,104.79357695961735,105.60198211669922,8350031,0.0,0.0,NBCC,Nifty Infrastructure,,
986,2025-08-11,105.48222229880344,109.73384191448912,104.40434368592724,108.90547943115234,12682149,0.0,0.0,NBCC,Nifty Infrastructure,,
987,2025-08-12,108.78571521931366,109.10508582180373,106.3205698120956,106.61000061035156,5294133,0.0,0.0,NBCC,Nifty Infrastructure,,
988,2025-08-13,107.5,108.0500030517578,105.63999938964844,105.77999877929688,3763179,0.21,0.0,NBCC,Nifty Infrastructure,,
989,2025-08-14,105.75,106.29000091552734,103.0,103.45999908447266,5824140,0.0,0.0,NBCC,Nifty Infrastructure,,
990,2025-08-04,82.44300821457145,83.24815209462021,81.94600432146925,82.98970794677734,5551838,0.0,0.0,NHPC,Nifty Infrastructure,,
991,2025-08-05,83.19844582644801,84.93795939281429,82.99964730947707,84.71928405761719,10380355,0.0,0.0,NHPC,Nifty Infrastructure,,
992,2025-08-06,84.9876634349608,85.08706269417264,83.18851181709101,83.48670959472656,5785340,0.0,0.0,NHPC,Nifty Infrastructure,,
993,2025-08-07,83.04935488254499,83.37737169357825,81.41918269411676,82.91019439697266,5839464,0.0,0.0,NHPC,Nifty Infrastructure,,
994,2025-08-08,82.50264584570226,83.07917217892351,81.01163417379198,81.28995513916016,6613741,0.0,0.0,NHPC,Nifty Infrastructure,,
995,2025-08-11,81.95593579441633,83.3972515793157,81.28001022238564,82.94994354248047,10068007,0.0,0.0,NHPC,Nifty Infrastructure,,
996,2025-08-12,83.2481511607481,83.68551700854852,82.68156703231458,83.40719604492188,5967656,0.0,0.0,NHPC,Nifty Infrastructure,,
997,2025-08-13,83.89425389613658,85.34550427133141,83.29785077510375,84.5999984741211,11678534,0.0,0.0,NHPC,Nifty Infrastructure,,
998,2025-08-14,84.9000015258789,84.9800033569336,81.83000183105469,82.31999969482422,13988133,0.51,0.0,NHPC,Nifty Infrastructure,,
999,2025-08-04,330.8999938964844,333.29998779296875,327.20001220703125,332.0,8193399,0.0,0.0,NTPC,Nifty Infrastructure,,
1000,2025-08-05,332.45001220703125,334.3500061035156,331.29998779296875,333.6000061035156,9855535,0.0,0.0,NTPC,Nifty Infrastructure,,
1001,2025-08-06,333.6000061035156,335.3999938964844,331.6000061035156,332.1000061035156,13872826,0.0,0.0,NTPC,Nifty Infrastructure,,
1002,2025-08-07,332.1000061035156,332.45001220703125,328.6499938964844,329.75,8731389,0.0,0.0,NTPC,Nifty Infrastructure,,
1003,2025-08-08,330.0,337.5,329.6499938964844,334.75,11247218,0.0,0.0,NTPC,Nifty Infrastructure,,
1004,2025-08-11,335.0,339.1000061035156,333.95001220703125,336.1499938964844,11993280,0.0,0.0,NTPC,Nifty Infrastructure,,
1005,2025-08-12,336.25,341.8500061035156,335.75,340.1000061035156,7221182,0.0,0.0,NTPC,Nifty Infrastructure,,
1006,2025-08-13,340.29998779296875,343.0,339.1499938964844,339.95001220703125,5417151,0.0,0.0,NTPC,Nifty Infrastructure,,
1007,2025-08-14,339.95001220703125,340.45001220703125,336.29998779296875,339.3500061035156,5689423,0.0,0.0,NTPC,Nifty Infrastructure,,
1008,2025-08-04,291.20001220703125,291.54998779296875,285.70001220703125,287.95001220703125,10397121,0.0,0.0,POWERGRID,Nifty Infrastructure,,
1009,2025-08-05,287.1000061035156,288.6499938964844,285.1000061035156,286.0,15561914,0.0,0.0,POWERGRID,Nifty Infrastructure,,
1010,2025-08-06,287.6000061035156,288.3999938964844,284.04998779296875,284.79998779296875,12985269,0.0,0.0,POWERGRID,Nifty Infrastructure,,
1011,2025-08-07,284.5,286.29998779296875,283.3999938964844,285.54998779296875,8893659,0.0,0.0,POWERGRID,Nifty Infrastructure,,
1012,2025-08-08,284.79998779296875,286.25,283.6000061035156,284.8500061035156,6172968,0.0,0.0,POWERGRID,Nifty Infrastructure,,
1013,2025-08-11,284.8500061035156,286.3999938964844,283.29998779296875,284.8500061035156,8755499,0.0,0.0,POWERGRID,Nifty Infrastructure,,
1014,2025-08-12,284.3999938964844,287.54998779296875,284.0,284.6499938964844,13184438,0.0,0.0,POWERGRID,Nifty Infrastructure,,
1015,2025-08-13,287.0,289.3999938964844,286.04998779296875,288.20001220703125,9928283,0.0,0.0,POWERGRID,Nifty Infrastructure,,
1016,2025-08-14,289.04998779296875,290.1499938964844,287.1499938964844,288.70001220703125,8464495,0.0,0.0,POWERGRID,Nifty Infrastructure,,
1017,2025-08-04,1389.550225151016,1410.466686507784,1386.1637261382157,1405.885009765625,6312820,0.0,0.0,RELIANCE,Nifty Infrastructure,,
1018,2025-08-05,1405.38696851784,1405.38696851784,1382.5780415934858,1386.1636962890625,9315972,0.0,0.0,RELIANCE,Nifty Infrastructure,,
1019,2025-08-06,1386.3630773472378,1390.3471654369864,1377.797312271222,1387.259521484375,5834312,0.0,0.0,RELIANCE,Nifty Infrastructure,,
1020,2025-08-07,1382.1796145349972,1388.1557462486337,1360.5659868045632,1383.8729248046875,9976705,0.0,0.0,RELIANCE,Nifty Infrastructure,,
1021,2025-08-08,1379.4904158119157,1391.6418351007062,1359.569976594415,1362.35888671875,8793606,0.0,0.0,RELIANCE,Nifty Infrastructure,,
1022,2025-08-11,1364.5501609316866,1382.4785572067017,1355.7851185633474,1380.6856689453125,9997486,0.0,0.0,RELIANCE,Nifty Infrastructure,,
1023,2025-08-12,1376.402846498686,1396.3232867936674,1369.7294260490362,1374.9088134765625,12244664,0.0,0.0,RELIANCE,Nifty Infrastructure,,
1024,2025-08-13,1382.4785186353236,1386.2634508216695,1372.0202877666843,1377.0999755859375,7457021,0.0,0.0,RELIANCE,Nifty Infrastructure,,
1025,2025-08-14,1377.300048828125,1380.699951171875,1370.0999755859375,1373.800048828125,7126128,5.5,0.0,RELIANCE,Nifty Infrastructure,,
1026,2025-08-04,3000.0,3009.0,2928.5,2993.60009765625,478003,0.0,0.0,SIEMENS,Nifty Infrastructure,,
1027,2025-08-05,3029.89990234375,3090.10009765625,3006.199951171875,3081.0,772626,0.0,0.0,SIEMENS,Nifty Infrastructure,,
1028,2025-08-06,3100.0,3114.0,3057.0,3083.89990234375,392854,0.0,0.0,SIEMENS,Nifty Infrastructure,,
1029,2025-08-07,3079.0,3128.5,3051.0,3117.0,457545,0.0,0.0,SIEMENS,Nifty Infrastructure,,
1030,2025-08-08,3147.0,3147.0,3023.0,3031.800048828125,263161,0.0,0.0,SIEMENS,Nifty Infrastructure,,
1031,2025-08-11,3020.0,3138.699951171875,2925.0,3114.800048828125,1102245,0.0,0.0,SIEMENS,Nifty Infrastructure,,
1032,2025-08-12,3114.800048828125,3200.0,3085.10009765625,3135.10009765625,697711,0.0,0.0,SIEMENS,Nifty Infrastructure,,
1033,2025-08-13,3136.89990234375,3192.0,3102.199951171875,3150.699951171875,305836,0.0,0.0,SIEMENS,Nifty Infrastructure,,
1034,2025-08-14,3150.699951171875,3188.89990234375,3118.199951171875,3169.0,330958,0.0,0.0,SIEMENS,Nifty Infrastructure,,
1035,2025-08-04,390.0,391.6499938964844,376.25,387.1000061035156,13251686,0.0,0.0,TATAPOWER,Nifty Infrastructure,,
1036,2025-08-05,388.0,390.5,382.7000122070313,385.5499877929688,6366590,0.0,0.0,TATAPOWER,Nifty Infrastructure,,
1037,2025-08-06,385.5499877929688,387.0,381.6499938964844,385.5499877929688,6114204,0.0,0.0,TATAPOWER,Nifty Infrastructure,,
1038,2025-08-07,383.0,386.75,379.0,385.5499877929688,5333971,0.0,0.0,TATAPOWER,Nifty Infrastructure,,
1039,2025-08-08,385.5499877929688,387.1000061035156,376.0,378.7999877929688,3495353,0.0,0.0,TATAPOWER,Nifty Infrastructure,,
1040,2025-08-11,380.0,385.8999938964844,377.5,384.2999877929688,3328976,0.0,0.0,TATAPOWER,Nifty Infrastructure,,
1041,2025-08-12,384.1000061035156,388.9500122070313,383.5,384.4500122070313,2575426,0.0,0.0,TATAPOWER,Nifty Infrastructure,,
1042,2025-08-13,385.5,388.9500122070313,384.3999938964844,387.2000122070313,3757839,0.0,0.0,TATAPOWER,Nifty Infrastructure,,
1043,2025-08-14,387.2000122070313,388.6000061035156,383.1499938964844,385.2999877929688,2662149,0.0,0.0,TATAPOWER,Nifty Infrastructure,,
1044,2025-08-04,12158.0,12290.0,12132.0,12257.0,207875,0.0,0.0,ULTRACEMCO,Nifty Infrastructure,,
1045,2025-08-05,12330.0,12378.0,12262.0,12298.0,267535,0.0,0.0,ULTRACEMCO,Nifty Infrastructure,,
1046,2025-08-06,12298.0,12390.0,12208.0,12226.0,192086,0.0,0.0,ULTRACEMCO,Nifty Infrastructure,,
1047,2025-08-07,12204.0,12309.0,12125.0,12273.0,202031,0.0,0.0,ULTRACEMCO,Nifty Infrastructure,,
1048,2025-08-08,12285.0,12315.0,12135.0,12157.0,201770,0.0,0.0,ULTRACEMCO,Nifty Infrastructure,,
1049,2025-08-11,12161.0,12425.0,12161.0,12405.0,218605,0.0,0.0,ULTRACEMCO,Nifty Infrastructure,,
1050,2025-08-12,12447.0,12530.0,12397.0,12449.0,334100,0.0,0.0,ULTRACEMCO,Nifty Infrastructure,,
1051,2025-08-13,12485.0,12517.0,12388.0,12401.0,207359,0.0,0.0,ULTRACEMCO,Nifty Infrastructure,,
1052,2025-08-14,12413.0,12428.0,12225.0,12317.0,235741,0.0,0.0,ULTRACEMCO,Nifty Infrastructure,,
1053,2025-08-04,1705.0,1749.5,1690.0,1746.5,1391708,0.0,0.0,COFORGE,Nifty IT,,
1054,2025-08-05,1745.0,1748.0,1698.5999755859375,1706.699951171875,1980437,0.0,0.0,COFORGE,Nifty IT,,
1055,2025-08-06,1706.699951171875,1710.4000244140625,1634.0,1638.300048828125,2517229,0.0,0.0,COFORGE,Nifty IT,,
1056,2025-08-07,1638.300048828125,1708.0,1632.9000244140625,1704.0999755859375,2503589,0.0,0.0,COFORGE,Nifty IT,,
1057,2025-08-08,1682.0,1682.0,1601.300048828125,1606.800048828125,3441538,0.0,0.0,COFORGE,Nifty IT,,
1058,2025-08-11,1606.800048828125,1626.9000244140625,1584.300048828125,1613.9000244140625,1857927,0.0,0.0,COFORGE,Nifty IT,,
1059,2025-08-12,1619.5999755859375,1652.0,1613.9000244140625,1625.4000244140625,1170688,0.0,0.0,COFORGE,Nifty IT,,
1060,2025-08-13,1635.0,1640.0999755859375,1607.199951171875,1621.699951171875,873679,0.0,0.0,COFORGE,Nifty IT,,
1061,2025-08-14,1626.0,1649.9000244140625,1621.5999755859375,1642.0,1241786,0.0,0.0,COFORGE,Nifty IT,,
1062,2025-08-04,1452.0999755859375,1475.4000244140625,1440.5999755859375,1474.4000244140625,2384774,0.0,0.0,HCLTECH,Nifty IT,,
1063,2025-08-05,1479.9000244140625,1485.4000244140625,1471.199951171875,1482.699951171875,2614394,0.0,0.0,HCLTECH,Nifty IT,,
1064,2025-08-06,1480.9000244140625,1483.699951171875,1456.4000244140625,1463.199951171875,1735697,0.0,0.0,HCLTECH,Nifty IT,,
1065,2025-08-07,1458.0,1479.199951171875,1451.0,1475.5,1495363,0.0,0.0,HCLTECH,Nifty IT,,
1066,2025-08-08,1474.800048828125,1482.199951171875,1459.0,1475.699951171875,2815614,0.0,0.0,HCLTECH,Nifty IT,,
1067,2025-08-11,1475.0,1531.0,1465.5999755859375,1488.0,2374556,0.0,0.0,HCLTECH,Nifty IT,,
1068,2025-08-12,1490.0,1509.9000244140625,1489.0,1499.0999755859375,3422656,0.0,0.0,HCLTECH,Nifty IT,,
1069,2025-08-13,1500.0,1507.5,1489.0,1501.0999755859375,2916128,0.0,0.0,HCLTECH,Nifty IT,,
1070,2025-08-14,1501.0,1516.199951171875,1485.800048828125,1489.800048828125,4227538,0.0,0.0,HCLTECH,Nifty IT,,
1071,2025-08-04,1461.5,1482.800048828125,1451.0,1480.5,8610216,0.0,0.0,INFY,Nifty IT,,
1072,2025-08-05,1478.699951171875,1478.699951171875,1455.0,1460.300048828125,10213323,0.0,0.0,INFY,Nifty IT,,
1073,2025-08-06,1452.0,1456.0999755859375,1430.300048828125,1436.699951171875,10566934,0.0,0.0,INFY,Nifty IT,,
1074,2025-08-07,1430.0,1442.0,1414.199951171875,1436.9000244140625,9892020,0.0,0.0,INFY,Nifty IT,,
1075,2025-08-08,1425.0,1433.199951171875,1417.0999755859375,1423.0999755859375,10048009,0.0,0.0,INFY,Nifty IT,,
1076,2025-08-11,1419.9000244140625,1433.4000244140625,1414.0,1428.199951171875,6625368,0.0,0.0,INFY,Nifty IT,,
1077,2025-08-12,1428.199951171875,1441.0,1421.0,1424.0999755859375,9899184,0.0,0.0,INFY,Nifty IT,,
1078,2025-08-13,1425.0,1434.0,1422.4000244140625,1426.5999755859375,10318063,0.0,0.0,INFY,Nifty IT,,
1079,2025-08-14,1426.199951171875,1470.0,1426.199951171875,1447.699951171875,12902347,0.0,0.0,INFY,Nifty IT,,
1080,2025-08-04,5014.5,5102.5,4939.5,5089.0,226983,0.0,0.0,LTIM,Nifty IT,,
1081,2025-08-05,5100.0,5149.5,5045.0,5131.5,183181,0.0,0.0,LTIM,Nifty IT,,
1082,2025-08-06,5125.0,5132.0,5022.0,5035.5,231816,0.0,0.0,LTIM,Nifty IT,,
1083,2025-08-07,5011.0,5089.5,4959.0,5037.5,236366,0.0,0.0,LTIM,Nifty IT,,
1084,2025-08-08,5031.0,5054.5,4992.0,5012.0,130871,0.0,0.0,LTIM,Nifty IT,,
1085,2025-08-11,5012.0,5075.0,4987.0,5066.5,79531,0.0,0.0,LTIM,Nifty IT,,
1086,2025-08-12,5066.5,5140.0,5046.0,5107.0,156885,0.0,0.0,LTIM,Nifty IT,,
1087,2025-08-13,5130.0,5132.0,5055.5,5114.5,237765,0.0,0.0,LTIM,Nifty IT,,
1088,2025-08-14,5150.0,5272.0,5100.0,5108.0,493674,0.0,0.0,LTIM,Nifty IT,,
1089,2025-08-04,2674.699951171875,2775.0,2642.699951171875,2747.300048828125,506319,0.0,0.0,MPHASIS,Nifty IT,,
1090,2025-08-05,2746.89990234375,2746.89990234375,2694.0,2705.199951171875,228414,0.0,0.0,MPHASIS,Nifty IT,,
1091,2025-08-06,2709.0,2716.5,2646.10009765625,2654.10009765625,168222,0.0,0.0,MPHASIS,Nifty IT,,
1092,2025-08-07,2647.10009765625,2707.0,2640.0,2702.699951171875,200594,0.0,0.0,MPHASIS,Nifty IT,,
1093,2025-08-08,2699.0,2704.0,2653.10009765625,2695.89990234375,302616,0.0,0.0,MPHASIS,Nifty IT,,
1094,2025-08-11,2695.89990234375,2704.89990234375,2650.0,2672.199951171875,297006,0.0,0.0,MPHASIS,Nifty IT,,
1095,2025-08-12,2674.89990234375,2732.800048828125,2674.89990234375,2717.800048828125,438682,0.0,0.0,MPHASIS,Nifty IT,,
1096,2025-08-13,2731.5,2741.39990234375,2691.60009765625,2695.199951171875,257068,0.0,0.0,MPHASIS,Nifty IT,,
1097,2025-08-14,2700.5,2746.89990234375,2698.199951171875,2720.199951171875,463745,0.0,0.0,MPHASIS,Nifty IT,,
1098,2025-08-04,5055.0,5187.5,5017.5,5177.5,468127,0.0,0.0,PERSISTENT,Nifty IT,,
1099,2025-08-05,5177.5,5202.0,5113.5,5191.5,404213,0.0,0.0,PERSISTENT,Nifty IT,,
1100,2025-08-06,5192.0,5196.0,5036.0,5047.0,414065,0.0,0.0,PERSISTENT,Nifty IT,,
1101,2025-08-07,5025.0,5195.0,5008.5,5182.5,469097,0.0,0.0,PERSISTENT,Nifty IT,,
1102,2025-08-08,5187.0,5193.5,5085.5,5105.5,250504,0.0,0.0,PERSISTENT,Nifty IT,,
1103,2025-08-11,5090.5,5201.0,5066.0,5171.0,322296,0.0,0.0,PERSISTENT,Nifty IT,,
1104,2025-08-12,5214.5,5290.0,5180.0,5232.5,553305,0.0,0.0,PERSISTENT,Nifty IT,,
1105,2025-08-13,5275.0,5277.5,5202.0,5247.5,242009,0.0,0.0,PERSISTENT,Nifty IT,,
1106,2025-08-14,5265.0,5330.0,5247.5,5289.0,506273,0.0,0.0,PERSISTENT,Nifty IT,,
1107,2025-08-04,439.0,446.2000122070313,432.3999938964844,443.0,1461100,0.0,0.0,SONACOMS,Nifty IT,,
1108,2025-08-05,433.0,455.25,433.0,447.1000061035156,5080108,0.0,0.0,SONACOMS,Nifty IT,,
1109,2025-08-06,447.0,449.8999938964844,436.8500061035156,446.0,1458579,0.0,0.0,SONACOMS,Nifty IT,,
1110,2025-08-07,440.0,452.9500122070313,431.3500061035156,448.8500061035156,1665549,0.0,0.0,SONACOMS,Nifty IT,,
1111,2025-08-08,443.1000061035156,449.2999877929688,440.7000122070313,445.0,2163302,0.0,0.0,SONACOMS,Nifty IT,,
1112,2025-08-11,445.4500122070313,449.7999877929688,440.4500122070313,445.9500122070313,2797929,0.0,0.0,SONACOMS,Nifty IT,,
1113,2025-08-12,446.4500122070313,450.5499877929688,439.25,440.25,921533,0.0,0.0,SONACOMS,Nifty IT,,
1114,2025-08-13,442.5499877929688,450.5499877929688,442.0499877929688,448.75,1320587,0.0,0.0,SONACOMS,Nifty IT,,
1115,2025-08-14,449.8500061035156,453.0,444.0,451.8500061035156,1321467,0.0,0.0,SONACOMS,Nifty IT,,
1116,2025-08-04,3009.10009765625,3079.39990234375,2991.60009765625,3074.39990234375,2519252,0.0,0.0,TCS,Nifty IT,,
1117,2025-08-05,3074.39990234375,3077.5,3042.0,3063.89990234375,1927996,0.0,0.0,TCS,Nifty IT,,
1118,2025-08-06,3063.0,3066.800048828125,3026.0,3032.300048828125,1487081,0.0,0.0,TCS,Nifty IT,,
1119,2025-08-07,3016.0,3051.60009765625,3010.89990234375,3047.0,2543076,0.0,0.0,TCS,Nifty IT,,
1120,2025-08-08,3048.10009765625,3059.800048828125,3025.0,3036.39990234375,2762140,0.0,0.0,TCS,Nifty IT,,
1121,2025-08-11,3036.39990234375,3049.89990234375,3021.300048828125,3040.800048828125,1884215,0.0,0.0,TCS,Nifty IT,,
1122,2025-08-12,3041.0,3096.39990234375,3026.89990234375,3035.39990234375,3358232,0.0,0.0,TCS,Nifty IT,,
1123,2025-08-13,3036.10009765625,3044.39990234375,3028.60009765625,3036.199951171875,2148166,0.0,0.0,TCS,Nifty IT,,
1124,2025-08-14,3034.0,3055.89990234375,3019.10009765625,3022.300048828125,3342174,0.0,0.0,TCS,Nifty IT,,
1125,2025-08-04,1435.0,1477.0,1419.0999755859375,1475.0,1581473,0.0,0.0,TECHM,Nifty IT,,
1126,2025-08-05,1470.0999755859375,1487.800048828125,1461.199951171875,1485.4000244140625,2929677,0.0,0.0,TECHM,Nifty IT,,
1127,2025-08-06,1480.0999755859375,1481.5,1453.300048828125,1459.0,1039973,0.0,0.0,TECHM,Nifty IT,,
1128,2025-08-07,1455.0,1492.0,1450.0,1482.0,1587489,0.0,0.0,TECHM,Nifty IT,,
1129,2025-08-08,1473.800048828125,1496.0,1473.800048828125,1480.4000244140625,1371665,0.0,0.0,TECHM,Nifty IT,,
1130,2025-08-11,1480.4000244140625,1522.699951171875,1469.699951171875,1481.0999755859375,888886,0.0,0.0,TECHM,Nifty IT,,
1131,2025-08-12,1482.5999755859375,1517.4000244140625,1481.0,1509.300048828125,2532937,0.0,0.0,TECHM,Nifty IT,,
1132,2025-08-13,1515.0,1518.699951171875,1499.300048828125,1506.300048828125,1815196,0.0,0.0,TECHM,Nifty IT,,
1133,2025-08-14,1509.9000244140625,1529.9000244140625,1485.0,1486.699951171875,1715172,0.0,0.0,TECHM,Nifty IT,,
1134,2025-08-04,242.75,246.4199981689453,241.1000061035156,246.0500030517578,5234393,0.0,0.0,WIPRO,Nifty IT,,
1135,2025-08-05,246.0500030517578,246.9499969482422,244.52999877929688,245.91000366210932,7383968,0.0,0.0,WIPRO,Nifty IT,,
1136,2025-08-06,246.0,246.0,239.3099975585937,239.9600067138672,7700190,0.0,0.0,WIPRO,Nifty IT,,
1137,2025-08-07,239.1100006103516,243.17999267578125,238.6100006103516,242.32000732421875,6190830,0.0,0.0,WIPRO,Nifty IT,,
1138,2025-08-08,242.3999938964844,243.25,238.3999938964844,239.0500030517578,8922847,0.0,0.0,WIPRO,Nifty IT,,
1139,2025-08-11,239.0500030517578,244.75,238.6199951171875,241.6199951171875,3047287,0.0,0.0,WIPRO,Nifty IT,,
1140,2025-08-12,242.6999969482422,246.2899932861328,241.1000061035156,241.72000122070312,8101435,0.0,0.0,WIPRO,Nifty IT,,
1141,2025-08-13,242.88999938964844,242.88999938964844,240.1199951171875,241.6499938964844,5820844,0.0,0.0,WIPRO,Nifty IT,,
1142,2025-08-14,243.1000061035156,248.42999267578125,242.41000366210932,246.8099975585937,12857225,0.0,0.0,WIPRO,Nifty IT,,
1143,2025-08-04,37.619998931884766,38.59999847412109,37.4900016784668,38.41999816894531,483420,0.0,0.0,DEN,Nifty Media,,
1144,2025-08-05,38.20000076293945,38.540000915527344,37.619998931884766,37.84000015258789,325579,0.0,0.0,DEN,Nifty Media,,
1145,2025-08-06,37.75,37.75,36.65999984741211,36.91999816894531,275078,0.0,0.0,DEN,Nifty Media,,
1146,2025-08-07,36.66999816894531,36.66999816894531,35.79999923706055,36.25,503851,0.0,0.0,DEN,Nifty Media,,
1147,2025-08-08,36.59999847412109,36.59999847412109,34.5099983215332,35.65999984741211,976697,0.0,0.0,DEN,Nifty Media,,
1148,2025-08-11,35.75,36.02999877929688,35.150001525878906,35.54999923706055,296647,0.0,0.0,DEN,Nifty Media,,
1149,2025-08-12,35.689998626708984,36.08000183105469,35.52000045776367,35.63999938964844,272611,0.0,0.0,DEN,Nifty Media,,
1150,2025-08-13,35.86000061035156,35.95000076293945,35.11000061035156,35.279998779296875,382545,0.0,0.0,DEN,Nifty Media,,
1151,2025-08-14,35.27000045776367,35.790000915527344,34.7599983215332,34.91999816894531,312482,0.0,0.0,DEN,Nifty Media,,
1152,2025-08-04,5.400000095367432,5.440000057220459,5.210000038146973,5.289999961853027,2684705,0.0,0.0,DISHTV,Nifty Media,,
1153,2025-08-05,5.289999961853027,5.380000114440918,5.150000095367432,5.199999809265137,2143053,0.0,0.0,DISHTV,Nifty Media,,
1154,2025-08-06,5.199999809265137,5.269999980926514,5.090000152587891,5.150000095367432,2180924,0.0,0.0,DISHTV,Nifty Media,,
1155,2025-08-07,5.150000095367432,5.21999979019165,5.079999923706055,5.190000057220459,1516009,0.0,0.0,DISHTV,Nifty Media,,
1156,2025-08-08,5.230000019073486,5.230000019073486,5.099999904632568,5.119999885559082,1233977,0.0,0.0,DISHTV,Nifty Media,,
1157,2025-08-11,5.099999904632568,5.119999885559082,5.0,5.03000020980835,3062969,0.0,0.0,DISHTV,Nifty Media,,
1158,2025-08-12,5.039999961853027,5.110000133514404,5.0,5.019999980926514,2705550,0.0,0.0,DISHTV,Nifty Media,,
1159,2025-08-13,5.070000171661377,5.099999904632568,4.900000095367432,4.940000057220459,2757428,0.0,0.0,DISHTV,Nifty Media,,
1160,2025-08-14,5.039999961853027,5.039999961853027,4.949999809265137,4.960000038146973,972747,0.0,0.0,DISHTV,Nifty Media,,
1161,2025-08-04,15.029999732971191,15.149999618530272,14.729999542236328,14.859999656677246,2767978,0.0,0.0,HATHWAY,Nifty Media,,
1162,2025-08-05,14.850000381469728,14.899999618530272,14.6899995803833,14.710000038146973,1616556,0.0,0.0,HATHWAY,Nifty Media,,
1163,2025-08-06,14.710000038146973,14.729999542236328,14.369999885559082,14.479999542236328,2096810,0.0,0.0,HATHWAY,Nifty Media,,
1164,2025-08-07,14.399999618530272,14.449999809265137,14.020000457763672,14.31999969482422,2837376,0.0,0.0,HATHWAY,Nifty Media,,
1165,2025-08-08,14.270000457763672,14.5,14.149999618530272,14.43000030517578,2034125,0.0,0.0,HATHWAY,Nifty Media,,
1166,2025-08-11,14.5,14.5,14.140000343322754,14.34000015258789,1917230,0.0,0.0,HATHWAY,Nifty Media,,
1167,2025-08-12,14.199999809265137,14.5,14.199999809265137,14.380000114440918,1397891,0.0,0.0,HATHWAY,Nifty Media,,
1168,2025-08-13,14.380000114440918,14.539999961853027,14.350000381469728,14.43000030517578,1320370,0.0,0.0,HATHWAY,Nifty Media,,
1169,2025-08-14,14.420000076293944,14.489999771118164,14.300000190734863,14.34000015258789,732762,0.0,0.0,HATHWAY,Nifty Media,,
1170,2025-08-04,1343.9000244140625,1365.0,1329.0,1362.0,379053,0.0,0.0,NAZARA,Nifty Media,,
1171,2025-08-05,1367.800048828125,1403.199951171875,1362.199951171875,1370.0,620164,0.0,0.0,NAZARA,Nifty Media,,
1172,2025-08-06,1374.0,1405.199951171875,1366.5,1373.4000244140625,667724,0.0,0.0,NAZARA,Nifty Media,,
1173,2025-08-07,1375.5,1402.5999755859375,1366.0,1387.199951171875,551995,0.0,0.0,NAZARA,Nifty Media,,
1174,2025-08-08,1399.0,1409.0,1380.0,1392.0,455378,0.0,0.0,NAZARA,Nifty Media,,
1175,2025-08-11,1401.0,1411.5999755859375,1382.199951171875,1401.5,364948,0.0,0.0,NAZARA,Nifty Media,,
1176,2025-08-12,1405.0,1430.0,1402.4000244140625,1420.699951171875,968338,0.0,0.0,NAZARA,Nifty Media,,
1177,2025-08-13,1440.0999755859375,1453.0,1406.0999755859375,1414.5,1791688,0.0,0.0,NAZARA,Nifty Media,,
1178,2025-08-14,1422.5,1428.5999755859375,1410.0999755859375,1414.5999755859375,402851,0.0,0.0,NAZARA,Nifty Media,,
1179,2025-08-04,57.4900016784668,59.790000915527344,57.060001373291016,59.33000183105469,14655119,0.0,0.0,NETWORK18,Nifty Media,,
1180,2025-08-05,59.33000183105469,59.59999847412109,58.02000045776367,58.310001373291016,4161051,0.0,0.0,NETWORK18,Nifty Media,,
1181,2025-08-06,58.310001373291016,58.9900016784668,56.369998931884766,57.2400016784668,3778061,0.0,0.0,NETWORK18,Nifty Media,,
1182,2025-08-07,57.2400016784668,57.88999938964844,54.68000030517578,56.290000915527344,7546510,0.0,0.0,NETWORK18,Nifty Media,,
1183,2025-08-08,56.54999923706055,59.400001525878906,55.29999923706055,57.7599983215332,15118860,0.0,0.0,NETWORK18,Nifty Media,,
1184,2025-08-11,57.36000061035156,57.400001525878906,55.04999923706055,56.09999847412109,5646143,0.0,0.0,NETWORK18,Nifty Media,,
1185,2025-08-12,56.27999877929688,56.900001525878906,55.7599983215332,56.18999862670898,2650238,0.0,0.0,NETWORK18,Nifty Media,,
1186,2025-08-13,56.459999084472656,57.77000045776367,56.0,56.880001068115234,3806934,0.0,0.0,NETWORK18,Nifty Media,,
1187,2025-08-14,56.880001068115234,57.20000076293945,55.97999954223633,56.209999084472656,1927776,0.0,0.0,NETWORK18,Nifty Media,,
1188,2025-08-04,1005.0,1022.5,990.0,1017.8499755859376,143445,0.0,0.0,PVRINOX,Nifty Media,,
1189,2025-08-05,1015.0,1038.9000244140625,1011.4500122070312,1036.199951171875,375067,0.0,0.0,PVRINOX,Nifty Media,,
1190,2025-08-06,1044.0,1044.0,1001.0499877929688,1035.5,1121342,0.0,0.0,PVRINOX,Nifty Media,,
1191,2025-08-07,1038.0,1085.0,1035.5,1067.449951171875,1900405,0.0,0.0,PVRINOX,Nifty Media,,
1192,2025-08-08,1076.0,1117.9000244140625,1056.949951171875,1071.25,1094848,0.0,0.0,PVRINOX,Nifty Media,,
1193,2025-08-11,1063.0,1096.0,1056.0999755859375,1073.5,431836,0.0,0.0,PVRINOX,Nifty Media,,
1194,2025-08-12,1075.199951171875,1106.699951171875,1075.199951171875,1090.0999755859375,631433,0.0,0.0,PVRINOX,Nifty Media,,
1195,2025-08-13,1099.0,1099.0,1070.1500244140625,1078.699951171875,342247,0.0,0.0,PVRINOX,Nifty Media,,
1196,2025-08-14,1086.9000244140625,1099.0,1071.0,1079.0,434008,0.0,0.0,PVRINOX,Nifty Media,,
1197,2025-08-04,471.5,476.5499877929688,468.7999877929688,471.1499938964844,236151,0.0,0.0,SAREGAMA,Nifty Media,,
1198,2025-08-05,472.0,483.7999877929688,472.0,480.7999877929688,168633,0.0,0.0,SAREGAMA,Nifty Media,,
1199,2025-08-06,483.2000122070313,516.4500122070312,479.1499938964844,485.6000061035156,3936601,0.0,0.0,SAREGAMA,Nifty Media,,
1200,2025-08-07,483.0,488.7999877929688,476.0499877929688,482.9500122070313,296622,0.0,0.0,SAREGAMA,Nifty Media,,
1201,2025-08-08,484.7999877929688,502.7000122070313,480.2999877929688,495.6499938964844,587056,0.0,0.0,SAREGAMA,Nifty Media,,
1202,2025-08-11,496.3999938964844,504.0,483.5,486.25,217014,0.0,0.0,SAREGAMA,Nifty Media,,
1203,2025-08-12,485.1499938964844,491.9500122070313,478.0499877929688,478.75,165188,0.0,0.0,SAREGAMA,Nifty Media,,
1204,2025-08-13,480.25,486.8999938964844,475.9500122070313,480.25,143223,0.0,0.0,SAREGAMA,Nifty Media,,
1205,2025-08-14,482.7000122070313,484.8999938964844,477.1000061035156,479.75,244086,0.0,0.0,SAREGAMA,Nifty Media,,
1206,2025-08-04,557.129150390625,564.0684814453125,553.2629274576902,560.5988159179688,81800,0.0,0.0,SUNTV,Nifty Media,,
1207,2025-08-05,563.8206668996874,563.9197760012908,555.1465027935383,558.2692260742188,79326,0.0,0.0,SUNTV,Nifty Media,,
1208,2025-08-06,558.1204586499938,563.3249567102291,549.3471861223478,552.9655151367188,115940,0.0,0.0,SUNTV,Nifty Media,,
1209,2025-08-07,553.0647211987223,558.2692196020748,545.2827206157241,555.7412719726562,119119,0.0,0.0,SUNTV,Nifty Media,,
1210,2025-08-08,555.7412722127395,560.1031617456144,542.0113339547163,544.8366088867188,286749,0.0,0.0,SUNTV,Nifty Media,,
1211,2025-08-11,546.2740302143243,586.7204039700459,541.9122013765863,562.97802734375,1159118,0.0,0.0,SUNTV,Nifty Media,,
1212,2025-08-12,566.0511355881815,579.9297974064556,566.0511355881815,571.9000244140625,419523,0.0,0.0,SUNTV,Nifty Media,,
1213,2025-08-13,583.0,589.9500122070312,578.0,586.2000122070312,367591,5.0,0.0,SUNTV,Nifty Media,,
1214,2025-08-14,592.0,592.7999877929688,572.0,574.8499755859375,305427,0.0,0.0,SUNTV,Nifty Media,,
1215,2025-08-04,116.88999938964844,121.68000030517578,115.8499984741211,119.1999969482422,8606492,0.0,0.0,ZEEL,Nifty Media,,
1216,2025-08-05,119.1999969482422,119.62999725341795,116.5,116.72000122070312,6186004,0.0,0.0,ZEEL,Nifty Media,,
1217,2025-08-06,117.1500015258789,118.1999969482422,112.0,112.33000183105467,13765201,0.0,0.0,ZEEL,Nifty Media,,
1218,2025-08-07,112.4000015258789,114.98999786376952,112.0999984741211,114.66999816894533,9419721,0.0,0.0,ZEEL,Nifty Media,,
1219,2025-08-08,115.0,115.08999633789062,112.0,112.79000091552734,7303584,0.0,0.0,ZEEL,Nifty Media,,
1220,2025-08-11,113.44000244140624,113.97000122070312,111.5999984741211,113.13999938964844,9336592,0.0,0.0,ZEEL,Nifty Media,,
1221,2025-08-12,113.0,115.79000091552734,112.8000030517578,113.27999877929688,5990433,0.0,0.0,ZEEL,Nifty Media,,
1222,2025-08-13,113.8499984741211,118.3499984741211,113.1999969482422,116.86000061035156,10856652,0.0,0.0,ZEEL,Nifty Media,,
1223,2025-08-14,117.05999755859376,117.22000122070312,115.5199966430664,116.25,4820467,0.0,0.0,ZEEL,Nifty Media,,
1224,2025-08-04,2360.0,2374.699951171875,2338.199951171875,2363.60009765625,576426,0.0,0.0,ADANIENT,Nifty Metal,,
1225,2025-08-05,2370.0,2370.0,2316.0,2328.199951171875,576742,0.0,0.0,ADANIENT,Nifty Metal,,
1226,2025-08-06,2333.89990234375,2347.89990234375,2296.0,2300.300048828125,631582,0.0,0.0,ADANIENT,Nifty Metal,,
1227,2025-08-07,2290.0,2295.0,2202.800048828125,2249.800048828125,1529410,0.0,0.0,ADANIENT,Nifty Metal,,
1228,2025-08-08,2247.0,2260.89990234375,2164.800048828125,2178.10009765625,2552736,0.0,0.0,ADANIENT,Nifty Metal,,
1229,2025-08-11,2196.0,2302.0,2183.0,2283.39990234375,2376286,0.0,0.0,ADANIENT,Nifty Metal,,
1230,2025-08-12,2280.10009765625,2314.699951171875,2267.0,2288.199951171875,1075526,0.0,0.0,ADANIENT,Nifty Metal,,
1231,2025-08-13,2299.0,2314.89990234375,2245.39990234375,2280.10009765625,833679,0.0,0.0,ADANIENT,Nifty Metal,,
1232,2025-08-14,2288.0,2304.0,2267.699951171875,2281.60009765625,998109,0.0,0.0,ADANIENT,Nifty Metal,,
1233,2025-08-04,1590.0,1606.5,1580.199951171875,1586.4000244140625,425802,0.0,0.0,APLAPOLLO,Nifty Metal,,
1234,2025-08-05,1586.4000244140625,1633.0999755859375,1585.5,1603.5,1596613,0.0,0.0,APLAPOLLO,Nifty Metal,,
1235,2025-08-06,1617.0,1617.0,1561.0,1569.0999755859375,998317,0.0,0.0,APLAPOLLO,Nifty Metal,,
1236,2025-08-07,1555.0,1599.300048828125,1549.0,1595.199951171875,630943,0.0,0.0,APLAPOLLO,Nifty Metal,,
1237,2025-08-08,1598.0,1607.5,1575.0,1582.5999755859375,257517,0.0,0.0,APLAPOLLO,Nifty Metal,,
1238,2025-08-11,1580.0,1597.800048828125,1572.0,1587.9000244140625,203971,0.0,0.0,APLAPOLLO,Nifty Metal,,
1239,2025-08-12,1589.4000244140625,1596.0999755859375,1565.5,1582.300048828125,291430,0.0,0.0,APLAPOLLO,Nifty Metal,,
1240,2025-08-13,1583.9000244140625,1611.0,1578.0999755859375,1582.5999755859375,319520,0.0,0.0,APLAPOLLO,Nifty Metal,,
1241,2025-08-14,1578.0999755859375,1615.300048828125,1578.0999755859375,1608.5,769027,0.0,0.0,APLAPOLLO,Nifty Metal,,
1242,2025-08-04,671.0786465975764,683.7854490895452,666.9092109354642,682.6934814453125,2286286,0.0,0.0,HINDALCO,Nifty Metal,,
1243,2025-08-05,686.9621912465758,686.9621912465758,677.1839241768636,682.0978393554688,3302614,0.0,0.0,HINDALCO,Nifty Metal,,
1244,2025-08-06,686.9621682725548,686.9621682725548,678.3751169328223,679.8641967773438,2498667,0.0,0.0,HINDALCO,Nifty Metal,,
1245,2025-08-07,676.9356968330054,684.8774557137408,669.440613416662,681.7999877929688,3417324,0.0,0.0,HINDALCO,Nifty Metal,,
1246,2025-08-08,684.0,686.4000244140625,669.0499877929688,672.75,3471816,5.0,0.0,HINDALCO,Nifty Metal,,
1247,2025-08-11,673.75,683.4500122070312,667.25,672.8499755859375,3235082,0.0,0.0,HINDALCO,Nifty Metal,,
1248,2025-08-12,658.0,677.75,657.5,667.0499877929688,12238878,0.0,0.0,HINDALCO,Nifty Metal,,
1249,2025-08-13,673.0,704.9500122070312,670.9500122070312,700.5,13151356,0.0,0.0,HINDALCO,Nifty Metal,,
1250,2025-08-14,701.0,702.3499755859375,688.0,695.25,4179259,0.0,0.0,HINDALCO,Nifty Metal,,
1251,2025-08-04,236.9499969482422,245.38999938964844,234.3000030517578,243.97999572753903,3195310,0.0,0.0,HINDCOPPER,Nifty Metal,,
1252,2025-08-05,243.97999572753903,252.0,241.32000732421875,247.13999938964844,3194824,0.0,0.0,HINDCOPPER,Nifty Metal,,
1253,2025-08-06,247.0,248.6100006103516,242.6999969482422,244.8300018310547,1622040,0.0,0.0,HINDCOPPER,Nifty Metal,,
1254,2025-08-07,243.1999969482422,245.3000030517578,236.22999572753903,241.2700042724609,3325765,0.0,0.0,HINDCOPPER,Nifty Metal,,
1255,2025-08-08,242.0,243.0500030517578,235.8999938964844,238.8500061035156,1903598,0.0,0.0,HINDCOPPER,Nifty Metal,,
1256,2025-08-11,237.3000030517578,239.0,234.1000061035156,237.72000122070312,1701818,0.0,0.0,HINDCOPPER,Nifty Metal,,
1257,2025-08-12,237.0,241.19000244140625,236.25,239.259994506836,1512752,0.0,0.0,HINDCOPPER,Nifty Metal,,
1258,2025-08-13,240.0,243.6999969482422,239.3999938964844,242.1999969482422,1905629,0.0,0.0,HINDCOPPER,Nifty Metal,,
1259,2025-08-14,242.6000061035156,243.009994506836,238.8000030517578,240.19000244140625,1829311,0.0,0.0,HINDCOPPER,Nifty Metal,,
1260,2025-08-04,416.1000061035156,422.5,413.8500061035156,421.6000061035156,1093131,0.0,0.0,HINDZINC,Nifty Metal,,
1261,2025-08-05,422.0,423.6000061035156,419.2000122070313,421.2000122070313,990246,0.0,0.0,HINDZINC,Nifty Metal,,
1262,2025-08-06,422.7000122070313,423.8999938964844,416.8500061035156,419.9500122070313,1418372,0.0,0.0,HINDZINC,Nifty Metal,,
1263,2025-08-07,420.3999938964844,426.0,415.0499877929688,424.6499938964844,1528302,0.0,0.0,HINDZINC,Nifty Metal,,
1264,2025-08-08,424.6499938964844,426.8999938964844,419.2999877929688,420.7000122070313,1210138,0.0,0.0,HINDZINC,Nifty Metal,,
1265,2025-08-11,420.7000122070313,422.8999938964844,414.5499877929688,417.3999938964844,1862022,0.0,0.0,HINDZINC,Nifty Metal,,
1266,2025-08-12,420.3999938964844,424.4500122070313,418.7999877929688,423.4500122070313,1597032,0.0,0.0,HINDZINC,Nifty Metal,,
1267,2025-08-13,424.8500061035156,433.6499938964844,424.5,430.2000122070313,2072932,0.0,0.0,HINDZINC,Nifty Metal,,
1268,2025-08-14,431.0,432.7000122070313,422.5,426.6499938964844,1367682,0.0,0.0,HINDZINC,Nifty Metal,,
1269,2025-08-04,948.0999755859376,991.0,948.0999755859376,980.2000122070312,2939641,0.0,0.0,JINDALSTEL,Nifty Metal,,
1270,2025-08-05,983.0,1003.2000122070312,978.0,999.7999877929688,1411354,0.0,0.0,JINDALSTEL,Nifty Metal,,
1271,2025-08-06,998.5,1001.7000122070312,983.0999755859376,985.9000244140624,1098509,0.0,0.0,JINDALSTEL,Nifty Metal,,
1272,2025-08-07,985.8499755859376,1003.2000122070312,980.5499877929688,999.5,2528535,0.0,0.0,JINDALSTEL,Nifty Metal,,
1273,2025-08-08,999.5,1000.25,971.25,974.0999755859376,923189,0.0,0.0,JINDALSTEL,Nifty Metal,,
1274,2025-08-11,975.0499877929688,993.0,972.3499755859376,991.0,585167,0.0,0.0,JINDALSTEL,Nifty Metal,,
1275,2025-08-12,981.2000122070312,1004.0,979.7000122070312,998.5,1211533,0.0,0.0,JINDALSTEL,Nifty Metal,,
1276,2025-08-13,1007.0,1021.75,988.0,996.3499755859376,3231630,0.0,0.0,JINDALSTEL,Nifty Metal,,
1277,2025-08-14,999.0499877929688,999.4500122070312,968.2000122070312,975.4000244140624,1846204,0.0,0.0,JINDALSTEL,Nifty Metal,,
1278,2025-08-04,708.9000244140625,734.4500122070312,706.4000244140625,728.0499877929688,1372933,0.0,0.0,JSL,Nifty Metal,,
1279,2025-08-05,729.5,736.2000122070312,722.0,725.6500244140625,625573,0.0,0.0,JSL,Nifty Metal,,
1280,2025-08-06,731.9500122070312,741.0,702.1500244140625,734.0,1387988,0.0,0.0,JSL,Nifty Metal,,
1281,2025-08-07,734.0,734.0,680.5,724.5999755859375,2756783,0.0,0.0,JSL,Nifty Metal,,
1282,2025-08-08,720.9500122070312,720.9500122070312,678.0,683.4000244140625,1863449,0.0,0.0,JSL,Nifty Metal,,
1283,2025-08-11,677.0,693.2000122070312,674.2000122070312,678.2999877929688,771011,0.0,0.0,JSL,Nifty Metal,,
1284,2025-08-12,676.0,715.5499877929688,675.25,713.1500244140625,1356611,0.0,0.0,JSL,Nifty Metal,,
1285,2025-08-13,717.0,732.9000244140625,711.7000122070312,721.75,945121,0.0,0.0,JSL,Nifty Metal,,
1286,2025-08-14,718.0999755859375,731.0,716.0999755859375,729.9000244140625,465289,0.0,0.0,JSL,Nifty Metal,,
1287,2025-08-04,1029.699951171875,1058.9000244140625,1026.4000244140625,1055.9000244140625,1835680,0.0,0.0,JSWSTEEL,Nifty Metal,,
1288,2025-08-05,1059.0,1063.4000244140625,1048.699951171875,1053.4000244140625,1524968,0.0,0.0,JSWSTEEL,Nifty Metal,,
1289,2025-08-06,1059.0,1061.5,1045.800048828125,1052.5999755859375,1797515,0.0,0.0,JSWSTEEL,Nifty Metal,,
1290,2025-08-07,1052.5999755859375,1074.9000244140625,1046.0,1064.800048828125,1837589,0.0,0.0,JSWSTEEL,Nifty Metal,,
1291,2025-08-08,1070.0,1071.4000244140625,1041.699951171875,1049.199951171875,2234463,0.0,0.0,JSWSTEEL,Nifty Metal,,
1292,2025-08-11,1049.199951171875,1065.0,1046.300048828125,1052.699951171875,1492814,0.0,0.0,JSWSTEEL,Nifty Metal,,
1293,2025-08-12,1054.800048828125,1059.9000244140625,1045.5999755859375,1048.199951171875,1231299,0.0,0.0,JSWSTEEL,Nifty Metal,,
1294,2025-08-13,1052.199951171875,1059.5999755859375,1050.300048828125,1053.699951171875,1125769,0.0,0.0,JSWSTEEL,Nifty Metal,,
1295,2025-08-14,1055.0,1058.0999755859375,1038.9000244140625,1045.5,870899,0.0,0.0,JSWSTEEL,Nifty Metal,,
1296,2025-08-04,180.6999969482422,187.4900054931641,179.92999267578125,187.13999938964844,6759365,0.0,0.0,NATIONALUM,Nifty Metal,,
1297,2025-08-05,187.0,188.1000061035156,185.72000122070312,187.259994506836,3430191,0.0,0.0,NATIONALUM,Nifty Metal,,
1298,2025-08-06,188.27999877929688,189.25,186.72000122070312,188.6300048828125,6251751,0.0,0.0,NATIONALUM,Nifty Metal,,
1299,2025-08-07,188.2100067138672,190.88999938964844,184.67999267578125,189.759994506836,4935945,0.0,0.0,NATIONALUM,Nifty Metal,,
1300,2025-08-08,190.1999969482422,191.7400054931641,185.6699981689453,187.41000366210932,9906271,0.0,0.0,NATIONALUM,Nifty Metal,,
1301,2025-08-11,188.3999938964844,189.6499938964844,185.72999572753903,187.07000732421875,4836690,0.0,0.0,NATIONALUM,Nifty Metal,,
1302,2025-08-12,187.07000732421875,189.69000244140625,186.1000061035156,186.5200042724609,5519491,0.0,0.0,NATIONALUM,Nifty Metal,,
1303,2025-08-13,187.5,191.75,187.5,189.94000244140625,7481122,0.0,0.0,NATIONALUM,Nifty Metal,,
1304,2025-08-14,189.94000244140625,190.009994506836,186.25,187.5800018310547,6941185,0.0,0.0,NATIONALUM,Nifty Metal,,
1305,2025-08-04,69.91328041802142,71.97448841206354,69.55823987861011,70.8304672241211,25992461,0.0,0.0,NMDC,Nifty Metal,,
1306,2025-08-05,70.76143645420697,71.747658565067,70.44584567970287,70.92909240722656,13259948,0.0,0.0,NMDC,Nifty Metal,,
1307,2025-08-06,71.00798931162817,71.41234397352805,70.11052361284199,70.86991882324219,8319031,0.0,0.0,NMDC,Nifty Metal,,
1308,2025-08-07,70.26832180423337,70.79101829236647,69.07499401405018,70.51487731933594,11539382,0.0,0.0,NMDC,Nifty Metal,,
1309,2025-08-08,70.62336589600132,70.8206073082818,69.72590016428671,70.09080505371094,10081656,0.0,0.0,NMDC,Nifty Metal,,
1310,2025-08-11,70.21900758364652,70.78115385624584,69.3807203384408,69.67658996582031,7423594,0.0,0.0,NMDC,Nifty Metal,,
1311,2025-08-12,69.76535176631896,70.53460382821105,69.21306977814574,69.96260070800781,10403379,0.0,0.0,NMDC,Nifty Metal,,
1312,2025-08-13,71.00799120717033,71.99421330726992,70.15983959914249,71.58000183105469,33410015,0.0,0.0,NMDC,Nifty Metal,,
1313,2025-08-14,72.29000091552734,72.29000091552734,69.0,69.4000015258789,34242659,1.0,0.0,NMDC,Nifty Metal,,
1314,2025-08-04,2579.0,2580.199951171875,2501.0,2506.199951171875,15752,0.0,0.0,RATNAMANI,Nifty Metal,,
1315,2025-08-05,2502.10009765625,2527.5,2441.0,2460.800048828125,17644,0.0,0.0,RATNAMANI,Nifty Metal,,
1316,2025-08-06,2470.0,2483.5,2342.0,2351.60009765625,28938,0.0,0.0,RATNAMANI,Nifty Metal,,
1317,2025-08-07,2351.699951171875,2389.5,2256.0,2329.60009765625,31893,0.0,0.0,RATNAMANI,Nifty Metal,,
1318,2025-08-08,2311.0,2354.699951171875,2309.89990234375,2328.39990234375,14951,0.0,0.0,RATNAMANI,Nifty Metal,,
1319,2025-08-11,2350.0,2350.0,2299.10009765625,2323.39990234375,14291,0.0,0.0,RATNAMANI,Nifty Metal,,
1320,2025-08-12,2344.0,2364.5,2319.89990234375,2335.60009765625,10904,0.0,0.0,RATNAMANI,Nifty Metal,,
1321,2025-08-13,2355.5,2394.0,2325.10009765625,2352.199951171875,13529,0.0,0.0,RATNAMANI,Nifty Metal,,
1322,2025-08-14,2374.0,2385.0,2334.0,2343.0,5975,0.0,0.0,RATNAMANI,Nifty Metal,,
1323,2025-08-04,120.66000366210938,125.8000030517578,120.36000061035156,125.4800033569336,13578202,0.0,0.0,SAIL,Nifty Metal,,
1324,2025-08-05,125.0,125.87999725341795,123.2300033569336,125.16000366210938,9405308,0.0,0.0,SAIL,Nifty Metal,,
1325,2025-08-06,124.88999938964844,125.20999908447266,122.5,123.4499969482422,9465399,0.0,0.0,SAIL,Nifty Metal,,
1326,2025-08-07,122.51000213623048,123.87000274658205,120.5,123.36000061035156,10677634,0.0,0.0,SAIL,Nifty Metal,,
1327,2025-08-08,123.0,123.77999877929688,120.6999969482422,121.06999969482422,6142679,0.0,0.0,SAIL,Nifty Metal,,
1328,2025-08-11,121.06999969482422,121.93000030517578,119.9000015258789,121.66999816894533,9091136,0.0,0.0,SAIL,Nifty Metal,,
1329,2025-08-12,121.4000015258789,123.48999786376952,121.30999755859376,122.19000244140624,6594879,0.0,0.0,SAIL,Nifty Metal,,
1330,2025-08-13,122.5,124.63999938964844,122.1500015258789,124.0500030517578,12017599,0.0,0.0,SAIL,Nifty Metal,,
1331,2025-08-14,124.1999969482422,124.3499984741211,120.1999969482422,120.37000274658205,7879264,0.0,0.0,SAIL,Nifty Metal,,
1332,2025-08-04,153.5,159.9199981689453,153.5,159.55999755859375,30064719,0.0,0.0,TATASTEEL,Nifty Metal,,
1333,2025-08-05,159.55999755859375,160.13999938964844,158.27999877929688,159.6199951171875,14441034,0.0,0.0,TATASTEEL,Nifty Metal,,
1334,2025-08-06,159.6199951171875,159.8000030517578,157.8000030517578,158.66000366210938,13438851,0.0,0.0,TATASTEEL,Nifty Metal,,
1335,2025-08-07,157.14999389648438,160.0,156.25999450683594,159.6699981689453,23159540,0.0,0.0,TATASTEEL,Nifty Metal,,
1336,2025-08-08,159.5,159.9499969482422,157.00999450683594,157.9499969482422,11951173,0.0,0.0,TATASTEEL,Nifty Metal,,
1337,2025-08-11,157.9499969482422,160.0,157.14999389648438,158.52000427246094,14325736,0.0,0.0,TATASTEEL,Nifty Metal,,
1338,2025-08-12,158.52000427246094,161.64999389648438,158.5,160.16000366210938,20056598,0.0,0.0,TATASTEEL,Nifty Metal,,
1339,2025-08-13,160.9600067138672,162.39999389648438,159.89999389648438,160.17999267578125,18079396,0.0,0.0,TATASTEEL,Nifty Metal,,
1340,2025-08-14,160.02000427246094,160.60000610351562,154.8300018310547,155.3000030517578,47256126,0.0,0.0,TATASTEEL,Nifty Metal,,
1341,2025-08-04,424.3999938964844,433.3500061035156,422.2000122070313,431.4500122070313,3635372,0.0,0.0,VEDL,Nifty Metal,,
1342,2025-08-05,432.3999938964844,439.1000061035156,430.7000122070313,438.4500122070313,5703172,0.0,0.0,VEDL,Nifty Metal,,
1343,2025-08-06,439.8999938964844,442.5499877929688,437.4500122070313,440.5499877929688,4042034,0.0,0.0,VEDL,Nifty Metal,,
1344,2025-08-07,437.5,439.6499938964844,430.0,437.7999877929688,4103120,0.0,0.0,VEDL,Nifty Metal,,
1345,2025-08-08,437.7999877929688,439.8999938964844,430.3999938964844,431.4500122070313,2396484,0.0,0.0,VEDL,Nifty Metal,,
1346,2025-08-11,432.0,434.75,426.6499938964844,430.1000061035156,5148588,0.0,0.0,VEDL,Nifty Metal,,
1347,2025-08-12,430.0,437.2000122070313,429.0499877929688,433.25,4915393,0.0,0.0,VEDL,Nifty Metal,,
1348,2025-08-13,435.7999877929688,445.2999877929688,435.1000061035156,438.75,5925324,0.0,0.0,VEDL,Nifty Metal,,
1349,2025-08-14,439.3999938964844,439.7000122070313,428.1000061035156,430.2000122070313,5618967,0.0,0.0,VEDL,Nifty Metal,,
1350,2025-08-04,900.6500244140625,901.5,873.0,886.3499755859375,462081,0.0,0.0,WELCORP,Nifty Metal,,
1351,2025-08-05,893.0499877929688,898.4000244140625,863.25,875.8499755859375,520368,0.0,0.0,WELCORP,Nifty Metal,,
1352,2025-08-06,880.1500244140625,881.4000244140625,863.0499877929688,872.9000244140625,426110,0.0,0.0,WELCORP,Nifty Metal,,
1353,2025-08-07,870.0,876.0,852.1500244140625,872.7999877929688,436431,0.0,0.0,WELCORP,Nifty Metal,,
1354,2025-08-08,876.0,879.1500244140625,865.5499877929688,869.6500244140625,270149,0.0,0.0,WELCORP,Nifty Metal,,
1355,2025-08-11,866.5999755859375,871.5,856.7999877929688,863.4000244140625,329209,0.0,0.0,WELCORP,Nifty Metal,,
1356,2025-08-12,870.0,887.5499877929688,858.0999755859375,876.6500244140625,433034,0.0,0.0,WELCORP,Nifty Metal,,
1357,2025-08-13,885.0,891.0,877.0,886.3499755859375,244712,0.0,0.0,WELCORP,Nifty Metal,,
1358,2025-08-14,888.1500244140625,888.1500244140625,869.2000122070312,882.25,224161,0.0,0.0,WELCORP,Nifty Metal,,
1359,2025-08-04,1422.800048828125,1477.0,1422.800048828125,1472.0999755859375,1765076,0.0,0.0,CHOLAFIN,Nifty MidSmall Financial Services,,
1360,2025-08-05,1475.4000244140625,1481.5999755859375,1456.5,1472.0999755859375,1537683,0.0,0.0,CHOLAFIN,Nifty MidSmall Financial Services,,
1361,2025-08-06,1472.0,1480.699951171875,1438.9000244140625,1454.9000244140625,2136451,0.0,0.0,CHOLAFIN,Nifty MidSmall Financial Services,,
1362,2025-08-07,1440.0,1491.0,1440.0,1488.0,1097782,0.0,0.0,CHOLAFIN,Nifty MidSmall Financial Services,,
1363,2025-08-08,1493.9000244140625,1499.800048828125,1450.0,1451.0999755859375,840293,0.0,0.0,CHOLAFIN,Nifty MidSmall Financial Services,,
1364,2025-08-11,1452.0,1493.5999755859375,1448.0,1483.0,842409,0.0,0.0,CHOLAFIN,Nifty MidSmall Financial Services,,
1365,2025-08-12,1485.0,1485.0,1445.5,1450.699951171875,755391,0.0,0.0,CHOLAFIN,Nifty MidSmall Financial Services,,
1366,2025-08-13,1457.0,1474.699951171875,1454.5999755859375,1460.5,672021,0.0,0.0,CHOLAFIN,Nifty MidSmall Financial Services,,
1367,2025-08-14,1459.0999755859375,1474.800048828125,1449.199951171875,1461.5,1612053,0.0,0.0,CHOLAFIN,Nifty MidSmall Financial Services,,
1368,2025-08-04,1244.0,1250.0,1222.800048828125,1237.4000244140625,233202,0.0,0.0,CREDITACC,Nifty MidSmall Financial Services,,
1369,2025-08-05,1244.0,1269.0,1236.9000244140625,1242.5999755859375,105824,0.0,0.0,CREDITACC,Nifty MidSmall Financial Services,,
1370,2025-08-06,1244.5,1248.4000244140625,1198.0,1209.800048828125,232125,0.0,0.0,CREDITACC,Nifty MidSmall Financial Services,,
1371,2025-08-07,1200.0,1252.0,1199.800048828125,1244.5999755859375,214124,0.0,0.0,CREDITACC,Nifty MidSmall Financial Services,,
1372,2025-08-08,1233.9000244140625,1253.4000244140625,1221.0,1237.800048828125,153500,0.0,0.0,CREDITACC,Nifty MidSmall Financial Services,,
1373,2025-08-11,1240.0999755859375,1265.0,1229.5999755859375,1259.0999755859375,146989,0.0,0.0,CREDITACC,Nifty MidSmall Financial Services,,
1374,2025-08-12,1259.0999755859375,1313.0,1259.0,1301.9000244140625,484007,0.0,0.0,CREDITACC,Nifty MidSmall Financial Services,,
1375,2025-08-13,1308.5,1325.0,1285.199951171875,1296.800048828125,429004,0.0,0.0,CREDITACC,Nifty MidSmall Financial Services,,
1376,2025-08-14,1307.699951171875,1344.4000244140625,1296.9000244140625,1334.199951171875,608207,0.0,0.0,CREDITACC,Nifty MidSmall Financial Services,,
1377,2025-08-04,56.970001220703125,57.68999862670898,56.58000183105469,57.290000915527344,2580368,0.0,0.0,EQUITASBNK,Nifty MidSmall Financial Services,,
1378,2025-08-05,57.310001373291016,58.77999877929688,57.15999984741211,57.959999084472656,1155959,0.0,0.0,EQUITASBNK,Nifty MidSmall Financial Services,,
1379,2025-08-06,57.959999084472656,58.16999816894531,56.47999954223633,57.31999969482422,1852042,0.0,0.0,EQUITASBNK,Nifty MidSmall Financial Services,,
1380,2025-08-07,57.09000015258789,57.18999862670898,55.84999847412109,56.91999816894531,2085360,0.0,0.0,EQUITASBNK,Nifty MidSmall Financial Services,,
1381,2025-08-08,56.91999816894531,57.84999847412109,55.59000015258789,56.4900016784668,3604446,0.0,0.0,EQUITASBNK,Nifty MidSmall Financial Services,,
1382,2025-08-11,55.400001525878906,55.79999923706055,52.75,53.68999862670898,9247217,0.0,0.0,EQUITASBNK,Nifty MidSmall Financial Services,,
1383,2025-08-12,53.66999816894531,55.290000915527344,53.52999877929688,54.90999984741211,3845246,0.0,0.0,EQUITASBNK,Nifty MidSmall Financial Services,,
1384,2025-08-13,55.27000045776367,55.400001525878906,54.2599983215332,54.41999816894531,2423674,0.0,0.0,EQUITASBNK,Nifty MidSmall Financial Services,,
1385,2025-08-14,54.41999816894531,54.619998931884766,52.54999923706055,52.93999862670898,2768399,0.0,0.0,EQUITASBNK,Nifty MidSmall Financial Services,,
1386,2025-08-04,2.3499999046325684,2.3499999046325684,2.3499999046325684,2.3499999046325684,2763,0.0,0.0,FSC,Nifty MidSmall Financial Services,,
1387,2025-08-05,2.3499999046325684,2.3499999046325684,2.3499999046325684,2.3499999046325684,0,0.0,0.0,FSC,Nifty MidSmall Financial Services,,
1388,2025-08-06,2.3499999046325684,2.3499999046325684,2.3499999046325684,2.3499999046325684,0,0.0,0.0,FSC,Nifty MidSmall Financial Services,,
1389,2025-08-07,2.3499999046325684,2.3499999046325684,2.3499999046325684,2.3499999046325684,0,0.0,0.0,FSC,Nifty MidSmall Financial Services,,
1390,2025-08-08,2.3499999046325684,2.3499999046325684,2.3499999046325684,2.3499999046325684,0,0.0,0.0,FSC,Nifty MidSmall Financial Services,,
1391,2025-08-11,2.2300000190734863,2.2300000190734863,2.2300000190734863,2.2300000190734863,2248,0.0,0.0,FSC,Nifty MidSmall Financial Services,,
1392,2025-08-12,2.2300000190734863,2.2300000190734863,2.2300000190734863,2.2300000190734863,0,0.0,0.0,FSC,Nifty MidSmall Financial Services,,
1393,2025-08-13,2.2300000190734863,2.2300000190734863,2.2300000190734863,2.2300000190734863,0,0.0,0.0,FSC,Nifty MidSmall Financial Services,,
1394,2025-08-14,2.2300000190734863,2.2300000190734863,2.2300000190734863,2.2300000190734863,0,0.0,0.0,FSC,Nifty MidSmall Financial Services,,
1395,2025-08-04,423.0,451.1499938964844,419.75,449.6000061035156,3552231,0.0,0.0,IIFL,Nifty MidSmall Financial Services,,
1396,2025-08-05,447.0,448.2999877929688,434.1000061035156,437.3500061035156,2059791,0.0,0.0,IIFL,Nifty MidSmall Financial Services,,
1397,2025-08-06,438.3999938964844,456.5,436.25,452.25,3539104,0.0,0.0,IIFL,Nifty MidSmall Financial Services,,
1398,2025-08-07,452.0,455.3999938964844,441.1000061035156,454.4500122070313,1488749,0.0,0.0,IIFL,Nifty MidSmall Financial Services,,
1399,2025-08-08,451.8999938964844,454.3500061035156,445.75,448.8999938964844,982938,0.0,0.0,IIFL,Nifty MidSmall Financial Services,,
1400,2025-08-11,445.0,453.0,444.0,450.1000061035156,1073847,0.0,0.0,IIFL,Nifty MidSmall Financial Services,,
1401,2025-08-12,454.0,462.25,446.8500061035156,449.3999938964844,913298,0.0,0.0,IIFL,Nifty MidSmall Financial Services,,
1402,2025-08-13,452.0,452.0499877929688,443.5,445.75,561081,0.0,0.0,IIFL,Nifty MidSmall Financial Services,,
1403,2025-08-14,445.75,454.7999877929688,440.5499877929688,441.7000122070313,901508,0.0,0.0,IIFL,Nifty MidSmall Financial Services,,
1404,2025-08-04,151.9199981689453,157.99000549316406,149.89999389648438,157.1999969482422,5283261,0.0,0.0,JMFINANCIL,Nifty MidSmall Financial Services,,
1405,2025-08-05,158.0,159.1699981689453,153.0,154.1300048828125,2742145,0.0,0.0,JMFINANCIL,Nifty MidSmall Financial Services,,
1406,2025-08-06,154.8699951171875,156.4499969482422,152.60000610351562,154.3300018310547,3147416,0.0,0.0,JMFINANCIL,Nifty MidSmall Financial Services,,
1407,2025-08-07,154.10000610351562,155.60000610351562,151.99000549316406,155.02000427246094,2763958,0.0,0.0,JMFINANCIL,Nifty MidSmall Financial Services,,
1408,2025-08-08,154.52000427246094,160.44000244140625,154.39999389648438,155.2899932861328,5909482,0.0,0.0,JMFINANCIL,Nifty MidSmall Financial Services,,
1409,2025-08-11,156.5,166.8000030517578,152.75,159.99000549316406,24737584,0.0,0.0,JMFINANCIL,Nifty MidSmall Financial Services,,
1410,2025-08-12,166.4199981689453,167.60000610351562,158.5500030517578,162.64999389648438,18004600,0.0,0.0,JMFINANCIL,Nifty MidSmall Financial Services,,
1411,2025-08-13,164.4499969482422,190.0,163.50999450683594,187.07000732421875,92462028,0.0,0.0,JMFINANCIL,Nifty MidSmall Financial Services,,
1412,2025-08-14,185.8099975585937,189.58999633789065,182.5,185.88999938964844,23446982,0.0,0.0,JMFINANCIL,Nifty MidSmall Financial Services,,
1413,2025-08-04,245.519343649068,264.4822197845651,245.31973747238405,263.583984375,8070831,0.0,0.0,MANAPPURAM,Nifty MidSmall Financial Services,,
1414,2025-08-05,262.336428880878,264.8814343051267,255.49980686344944,258.3941345214844,3579502,0.0,0.0,MANAPPURAM,Nifty MidSmall Financial Services,,
1415,2025-08-06,258.294315539376,259.64168385053875,254.2023357136137,255.599609375,1423890,0.0,0.0,MANAPPURAM,Nifty MidSmall Financial Services,,
1416,2025-08-07,255.10059598504296,262.6358320557577,253.20429920760472,260.3902282714844,2066794,0.0,0.0,MANAPPURAM,Nifty MidSmall Financial Services,,
1417,2025-08-08,260.390207989516,264.9313357854388,256.198432860143,257.9949035644531,4597425,0.0,0.0,MANAPPURAM,Nifty MidSmall Financial Services,,
1418,2025-08-11,255.49979290155508,264.7816091323773,253.0545830855968,256.0487060546875,13112855,0.0,0.0,MANAPPURAM,Nifty MidSmall Financial Services,,
1419,2025-08-12,256.09864003207366,258.4939446242605,250.2600641487773,253.5536193847656,4230260,0.0,0.0,MANAPPURAM,Nifty MidSmall Financial Services,,
1420,2025-08-13,253.5536177271952,257.3461959975103,252.25615473616963,255.3999938964844,4341524,0.0,0.0,MANAPPURAM,Nifty MidSmall Financial Services,,
1421,2025-08-14,260.0,268.0,258.70001220703125,266.0,17532209,0.5,0.0,MANAPPURAM,Nifty MidSmall Financial Services,,
1422,2025-08-04,305.0,306.6000061035156,296.54998779296875,303.8999938964844,158190,0.0,0.0,MASFIN,Nifty MidSmall Financial Services,,
1423,2025-08-05,302.5,307.95001220703125,300.29998779296875,302.04998779296875,73142,0.0,0.0,MASFIN,Nifty MidSmall Financial Services,,
1424,2025-08-06,301.54998779296875,307.8999938964844,299.0,306.3999938964844,89294,0.0,0.0,MASFIN,Nifty MidSmall Financial Services,,
1425,2025-08-07,306.3999938964844,306.8999938964844,296.20001220703125,302.95001220703125,102624,0.0,0.0,MASFIN,Nifty MidSmall Financial Services,,
1426,2025-08-08,304.5,309.0,300.1000061035156,302.3999938964844,64405,0.0,0.0,MASFIN,Nifty MidSmall Financial Services,,
1427,2025-08-11,304.0,304.54998779296875,295.54998779296875,300.95001220703125,90717,0.0,0.0,MASFIN,Nifty MidSmall Financial Services,,
1428,2025-08-12,302.8999938964844,308.6499938964844,300.79998779296875,305.0,75008,0.0,0.0,MASFIN,Nifty MidSmall Financial Services,,
1429,2025-08-13,306.0,309.20001220703125,305.25,307.75,55909,0.0,0.0,MASFIN,Nifty MidSmall Financial Services,,
1430,2025-08-14,308.0,308.70001220703125,298.5,300.5,81270,0.0,0.0,MASFIN,Nifty MidSmall Financial Services,,
1431,2025-08-04,2592.0,2670.199951171875,2548.0,2665.800048828125,1053175,0.0,0.0,MUTHOOTFIN,Nifty MidSmall Financial Services,,
1432,2025-08-05,2670.0,2677.0,2616.0,2641.5,293862,0.0,0.0,MUTHOOTFIN,Nifty MidSmall Financial Services,,
1433,2025-08-06,2635.10009765625,2655.800048828125,2613.10009765625,2624.699951171875,340219,0.0,0.0,MUTHOOTFIN,Nifty MidSmall Financial Services,,
1434,2025-08-07,2625.0,2655.0,2595.39990234375,2634.60009765625,196791,0.0,0.0,MUTHOOTFIN,Nifty MidSmall Financial Services,,
1435,2025-08-08,2641.0,2664.699951171875,2595.0,2617.800048828125,223811,0.0,0.0,MUTHOOTFIN,Nifty MidSmall Financial Services,,
1436,2025-08-11,2605.199951171875,2626.39990234375,2560.0,2589.800048828125,439383,0.0,0.0,MUTHOOTFIN,Nifty MidSmall Financial Services,,
1437,2025-08-12,2592.39990234375,2596.89990234375,2510.0,2533.199951171875,261504,0.0,0.0,MUTHOOTFIN,Nifty MidSmall Financial Services,,
1438,2025-08-13,2522.0,2549.89990234375,2476.60009765625,2509.89990234375,487954,0.0,0.0,MUTHOOTFIN,Nifty MidSmall Financial Services,,
1439,2025-08-14,2730.0,2800.0,2671.300048828125,2757.39990234375,8765092,0.0,0.0,MUTHOOTFIN,Nifty MidSmall Financial Services,,
1440,2025-08-04,801.5,814.0,801.5,804.5,933330,0.0,0.0,SBICARD,Nifty MidSmall Financial Services,,
1441,2025-08-05,804.5,808.0,801.4500122070312,804.8499755859375,668730,0.0,0.0,SBICARD,Nifty MidSmall Financial Services,,
1442,2025-08-06,805.6500244140625,811.0,783.5999755859375,793.0,1239184,0.0,0.0,SBICARD,Nifty MidSmall Financial Services,,
1443,2025-08-07,787.2999877929688,799.0,784.0,796.5,526708,0.0,0.0,SBICARD,Nifty MidSmall Financial Services,,
1444,2025-08-08,799.0,799.75,784.0999755859375,786.9000244140625,317602,0.0,0.0,SBICARD,Nifty MidSmall Financial Services,,
1445,2025-08-11,786.9000244140625,801.0,785.0499877929688,797.7999877929688,363831,0.0,0.0,SBICARD,Nifty MidSmall Financial Services,,
1446,2025-08-12,799.9000244140625,803.0999755859375,787.25,789.9500122070312,869644,0.0,0.0,SBICARD,Nifty MidSmall Financial Services,,
1447,2025-08-13,797.0,797.2000122070312,784.2999877929688,790.0999755859375,264960,0.0,0.0,SBICARD,Nifty MidSmall Financial Services,,
1448,2025-08-14,786.2000122070312,794.75,786.1500244140625,789.3499755859375,363454,0.0,0.0,SBICARD,Nifty MidSmall Financial Services,,
1449,2025-08-04,258.04998779296875,259.70001220703125,253.0,255.0,233221,0.0,0.0,SPANDANA,Nifty MidSmall Financial Services,,
1450,2025-08-05,258.0,259.29998779296875,250.1999969482422,251.0,151815,0.0,0.0,SPANDANA,Nifty MidSmall Financial Services,,
1451,2025-08-06,249.8000030517578,251.5,234.0,242.1000061035156,417433,0.0,0.0,SPANDANA,Nifty MidSmall Financial Services,,
1452,2025-08-07,242.1000061035156,255.0,242.0,253.1999969482422,258024,0.0,0.0,SPANDANA,Nifty MidSmall Financial Services,,
1453,2025-08-08,251.0500030517578,260.0,242.5500030517578,244.6499938964844,171042,0.0,0.0,SPANDANA,Nifty MidSmall Financial Services,,
1454,2025-08-11,246.6000061035156,249.3999938964844,242.4499969482422,247.0,142599,0.0,0.0,SPANDANA,Nifty MidSmall Financial Services,,
1455,2025-08-12,245.0500030517578,250.5,244.1000061035156,245.25,108352,0.0,0.0,SPANDANA,Nifty MidSmall Financial Services,,
1456,2025-08-13,246.3000030517578,248.8999938964844,244.5500030517578,246.6499938964844,68306,0.0,0.0,SPANDANA,Nifty MidSmall Financial Services,,
1457,2025-08-14,247.0,248.6000061035156,238.75,239.8500061035156,173585,0.0,0.0,SPANDANA,Nifty MidSmall Financial Services,,
1458,2025-08-04,128.49000549316406,128.60000610351562,123.6999969482422,126.41000366210938,92613,0.0,0.0,SURYODAY,Nifty MidSmall Financial Services,,
1459,2025-08-05,127.6500015258789,130.0,126.5199966430664,129.74000549316406,61021,0.0,0.0,SURYODAY,Nifty MidSmall Financial Services,,
1460,2025-08-06,129.74000549316406,129.7899932861328,124.95999908447266,125.45999908447266,91023,0.0,0.0,SURYODAY,Nifty MidSmall Financial Services,,
1461,2025-08-07,125.51000213623048,127.25,124.47000122070312,126.79000091552734,35871,0.0,0.0,SURYODAY,Nifty MidSmall Financial Services,,
1462,2025-08-08,126.98999786376952,128.38999938964844,124.0,124.1999969482422,51928,0.0,0.0,SURYODAY,Nifty MidSmall Financial Services,,
1463,2025-08-11,123.70999908447266,124.37000274658205,122.1500015258789,122.56999969482422,57422,0.0,0.0,SURYODAY,Nifty MidSmall Financial Services,,
1464,2025-08-12,122.98999786376952,124.38999938964844,122.3000030517578,122.66000366210938,41443,0.0,0.0,SURYODAY,Nifty MidSmall Financial Services,,
1465,2025-08-13,122.68000030517578,128.0,122.06999969482422,127.41000366210938,94701,0.0,0.0,SURYODAY,Nifty MidSmall Financial Services,,
1466,2025-08-14,127.0500030517578,129.0,125.0,126.87000274658205,125794,0.0,0.0,SURYODAY,Nifty MidSmall Financial Services,,
1467,2025-08-04,170.77999877929688,172.89999389648438,167.72999572753906,172.3000030517578,157075,0.0,0.0,UGROCAP,Nifty MidSmall Financial Services,,
1468,2025-08-05,172.75,176.4600067138672,170.47999572753906,172.77000427246094,170696,0.0,0.0,UGROCAP,Nifty MidSmall Financial Services,,
1469,2025-08-06,171.91000366210938,172.32000732421875,166.0,166.5399932861328,179838,0.0,0.0,UGROCAP,Nifty MidSmall Financial Services,,
1470,2025-08-07,165.64999389648438,168.60000610351562,163.0500030517578,166.9499969482422,250326,0.0,0.0,UGROCAP,Nifty MidSmall Financial Services,,
1471,2025-08-08,167.0,168.6999969482422,165.10000610351562,165.7100067138672,105191,0.0,0.0,UGROCAP,Nifty MidSmall Financial Services,,
1472,2025-08-11,165.97999572753906,169.8000030517578,164.27999877929688,169.00999450683594,145400,0.0,0.0,UGROCAP,Nifty MidSmall Financial Services,,
1473,2025-08-12,171.02999877929688,173.7899932861328,165.5,167.60000610351562,203969,0.0,0.0,UGROCAP,Nifty MidSmall Financial Services,,
1474,2025-08-13,168.13999938964844,169.24000549316406,165.10000610351562,166.52999877929688,152132,0.0,0.0,UGROCAP,Nifty MidSmall Financial Services,,
1475,2025-08-14,167.27000427246094,172.75,165.82000732421875,171.49000549316406,178732,0.0,0.0,UGROCAP,Nifty MidSmall Financial Services,,
1476,2025-08-04,43.34999847412109,44.09999847412109,42.84999847412109,43.95000076293945,6233079,0.0,0.0,UJJIVANSFB,Nifty MidSmall Financial Services,,
1477,2025-08-05,43.95000076293945,44.380001068115234,43.72999954223633,43.9900016784668,4412292,0.0,0.0,UJJIVANSFB,Nifty MidSmall Financial Services,,
1478,2025-08-06,43.9900016784668,44.06999969482422,43.0,43.06999969482422,4210375,0.0,0.0,UJJIVANSFB,Nifty MidSmall Financial Services,,
1479,2025-08-07,42.90999984741211,43.540000915527344,42.369998931884766,43.2400016784668,4032894,0.0,0.0,UJJIVANSFB,Nifty MidSmall Financial Services,,
1480,2025-08-08,44.09999847412109,44.9900016784668,43.91999816894531,44.09999847412109,8952581,0.0,0.0,UJJIVANSFB,Nifty MidSmall Financial Services,,
1481,2025-08-11,44.0,44.09999847412109,42.43000030517578,42.790000915527344,5771792,0.0,0.0,UJJIVANSFB,Nifty MidSmall Financial Services,,
1482,2025-08-12,43.0,43.59000015258789,43.0,43.16999816894531,2813093,0.0,0.0,UJJIVANSFB,Nifty MidSmall Financial Services,,
1483,2025-08-13,43.290000915527344,43.79999923706055,42.650001525878906,42.720001220703125,7421855,0.0,0.0,UJJIVANSFB,Nifty MidSmall Financial Services,,
1484,2025-08-14,42.72999954223633,42.900001525878906,41.31999969482422,41.66999816894531,8839812,0.0,0.0,UJJIVANSFB,Nifty MidSmall Financial Services,,
1485,2025-08-04,593.2000122070312,593.2000122070312,581.0,585.9500122070312,525966,0.0,0.0,ASTERDM,Nifty MidSmall Healthcare,,
1486,2025-08-05,585.0999755859375,604.0,582.4000244140625,600.3499755859375,948586,0.0,0.0,ASTERDM,Nifty MidSmall Healthcare,,
1487,2025-08-06,600.25,600.2999877929688,587.2999877929688,597.1500244140625,647173,0.0,0.0,ASTERDM,Nifty MidSmall Healthcare,,
1488,2025-08-07,594.8499755859375,599.9000244140625,590.0499877929688,594.5999755859375,414567,0.0,0.0,ASTERDM,Nifty MidSmall Healthcare,,
1489,2025-08-08,599.9000244140625,599.9000244140625,573.5499877929688,580.4500122070312,694879,0.0,0.0,ASTERDM,Nifty MidSmall Healthcare,,
1490,2025-08-11,580.5999755859375,590.0,576.1500244140625,587.8499755859375,720794,0.0,0.0,ASTERDM,Nifty MidSmall Healthcare,,
1491,2025-08-12,587.9500122070312,605.75,584.0,603.9500122070312,855266,0.0,0.0,ASTERDM,Nifty MidSmall Healthcare,,
1492,2025-08-13,609.0,616.0999755859375,601.0,613.0499877929688,830682,0.0,0.0,ASTERDM,Nifty MidSmall Healthcare,,
1493,2025-08-14,615.5,617.7000122070312,603.0499877929688,605.5999755859375,454486,0.0,0.0,ASTERDM,Nifty MidSmall Healthcare,,
1494,2025-08-04,860.0,865.0,850.0,861.9000244140625,1131789,0.0,0.0,FORTIS,Nifty MidSmall Healthcare,,
1495,2025-08-05,862.0999755859375,869.9000244140625,853.3499755859375,867.9000244140625,751602,0.0,0.0,FORTIS,Nifty MidSmall Healthcare,,
1496,2025-08-06,868.75,869.0499877929688,848.75,858.1500244140625,1517625,0.0,0.0,FORTIS,Nifty MidSmall Healthcare,,
1497,2025-08-07,885.0,904.5,874.0,884.0,10596141,0.0,0.0,FORTIS,Nifty MidSmall Healthcare,,
1498,2025-08-08,884.0499877929688,904.25,879.1500244140625,897.3499755859375,3789175,0.0,0.0,FORTIS,Nifty MidSmall Healthcare,,
1499,2025-08-11,899.0,923.0,895.0,920.6500244140624,3957450,0.0,0.0,FORTIS,Nifty MidSmall Healthcare,,
1500,2025-08-12,921.9500122070312,935.4500122070312,918.2000122070312,931.6500244140624,2815033,0.0,0.0,FORTIS,Nifty MidSmall Healthcare,,
1501,2025-08-13,933.0,948.7000122070312,928.5999755859376,945.7999877929688,3010275,0.0,0.0,FORTIS,Nifty MidSmall Healthcare,,
1502,2025-08-14,947.2000122070312,951.0499877929688,929.0,932.0,1808600,0.0,0.0,FORTIS,Nifty MidSmall Healthcare,,
1503,2025-08-04,1957.464580531395,1980.9459061750308,1932.4972205733168,1964.4991455078125,111010,0.0,0.0,GLAND,Nifty MidSmall Healthcare,,
1504,2025-08-05,1964.499076275986,1994.321233214832,1913.1771347952777,1946.5660400390625,148493,0.0,0.0,GLAND,Nifty MidSmall Healthcare,,
1505,2025-08-06,2001.5538587705385,2070.115106489832,1922.3914185582448,1939.4326171875,1948663,0.0,0.0,GLAND,Nifty MidSmall Healthcare,,
1506,2025-08-07,1921.8959956032704,1958.7525970025,1907.232548927573,1939.7298583984373,256619,0.0,0.0,GLAND,Nifty MidSmall Healthcare,,
1507,2025-08-08,1938.9371718997493,1954.294109132476,1911.889098589821,1916.743896484375,152477,0.0,0.0,GLAND,Nifty MidSmall Healthcare,,
1508,2025-08-11,1916.7439628571835,1927.246102559024,1889.696009554263,1918.4283447265625,78843,0.0,0.0,GLAND,Nifty MidSmall Healthcare,,
1509,2025-08-12,1925.0664230690284,1948.844906936068,1897.027579131696,1915.5550537109373,208466,0.0,0.0,GLAND,Nifty MidSmall Healthcare,,
1510,2025-08-13,1916.149522678902,1951.81724905762,1904.2602805526624,1932.199951171875,202968,0.0,0.0,GLAND,Nifty MidSmall Healthcare,,
1511,2025-08-14,1948.0,1998.0,1945.0,1975.800048828125,208200,18.0,0.0,GLAND,Nifty MidSmall Healthcare,,
1512,2025-08-04,756.0,766.4000244140625,730.9000244140625,747.1500244140625,534867,0.0,0.0,KIMS,Nifty MidSmall Healthcare,,
1513,2025-08-05,747.5,755.6500244140625,733.2000122070312,740.6500244140625,362958,0.0,0.0,KIMS,Nifty MidSmall Healthcare,,
1514,2025-08-06,741.0,765.0,741.0,753.9000244140625,1230242,0.0,0.0,KIMS,Nifty MidSmall Healthcare,,
1515,2025-08-07,746.0,751.3499755859375,732.4500122070312,743.0499877929688,435776,0.0,0.0,KIMS,Nifty MidSmall Healthcare,,
1516,2025-08-08,735.0999755859375,740.2999877929688,707.6500244140625,711.2999877929688,2582660,0.0,0.0,KIMS,Nifty MidSmall Healthcare,,
1517,2025-08-11,700.0,730.4500122070312,692.6500244140625,726.5,377874,0.0,0.0,KIMS,Nifty MidSmall Healthcare,,
1518,2025-08-12,728.2999877929688,744.5999755859375,718.0,735.8499755859375,310378,0.0,0.0,KIMS,Nifty MidSmall Healthcare,,
1519,2025-08-13,739.25,740.0,726.2999877929688,731.2000122070312,294308,0.0,0.0,KIMS,Nifty MidSmall Healthcare,,
1520,2025-08-14,737.5999755859375,749.7000122070312,724.5,745.0499877929688,463489,0.0,0.0,KIMS,Nifty MidSmall Healthcare,,
1521,2025-08-04,3200.078307614903,3200.078307614903,3079.4052392865187,3094.177490234375,91619,0.0,0.0,LALPATHLAB,Nifty MidSmall Healthcare,,
1522,2025-08-05,3095.1754318279472,3207.963185390204,3095.1754318279472,3188.39990234375,174428,0.0,0.0,LALPATHLAB,Nifty MidSmall Healthcare,,
1523,2025-08-06,3181.0,3221.0,3167.60009765625,3208.89990234375,127428,6.0,0.0,LALPATHLAB,Nifty MidSmall Healthcare,,
1524,2025-08-07,3192.89990234375,3227.39990234375,3146.5,3213.10009765625,80081,0.0,0.0,LALPATHLAB,Nifty MidSmall Healthcare,,
1525,2025-08-08,3219.0,3223.800048828125,3170.0,3190.300048828125,60273,0.0,0.0,LALPATHLAB,Nifty MidSmall Healthcare,,
1526,2025-08-11,3190.0,3229.10009765625,3174.699951171875,3219.0,51648,0.0,0.0,LALPATHLAB,Nifty MidSmall Healthcare,,
1527,2025-08-12,3219.0,3265.39990234375,3218.199951171875,3256.0,62659,0.0,0.0,LALPATHLAB,Nifty MidSmall Healthcare,,
1528,2025-08-13,3256.0,3310.800048828125,3233.199951171875,3295.39990234375,98394,0.0,0.0,LALPATHLAB,Nifty MidSmall Healthcare,,
1529,2025-08-14,3318.0,3365.0,3260.0,3347.800048828125,95480,0.0,0.0,LALPATHLAB,Nifty MidSmall Healthcare,,
1530,2025-08-04,849.3499755859375,864.9000244140625,840.0499877929688,861.2000122070312,1442403,0.0,0.0,LAURUSLABS,Nifty MidSmall Healthcare,,
1531,2025-08-05,861.1500244140625,872.0,852.2999877929688,857.5,1168162,0.0,0.0,LAURUSLABS,Nifty MidSmall Healthcare,,
1532,2025-08-06,850.2000122070312,854.0999755859375,829.2999877929688,836.2000122070312,2085404,0.0,0.0,LAURUSLABS,Nifty MidSmall Healthcare,,
1533,2025-08-07,828.0,842.8499755859375,824.3499755859375,838.25,1678103,0.0,0.0,LAURUSLABS,Nifty MidSmall Healthcare,,
1534,2025-08-08,839.0,840.25,817.5499877929688,821.8499755859375,1073904,0.0,0.0,LAURUSLABS,Nifty MidSmall Healthcare,,
1535,2025-08-11,818.0,834.0,816.8499755859375,831.5,1335688,0.0,0.0,LAURUSLABS,Nifty MidSmall Healthcare,,
1536,2025-08-12,834.0,840.5999755859375,810.0499877929688,830.9500122070312,1863616,0.0,0.0,LAURUSLABS,Nifty MidSmall Healthcare,,
1537,2025-08-13,836.5999755859375,866.0,833.0499877929688,863.1500244140625,2817582,0.0,0.0,LAURUSLABS,Nifty MidSmall Healthcare,,
1538,2025-08-14,867.2000122070312,878.8499755859375,855.25,859.7000122070312,2949617,0.0,0.0,LAURUSLABS,Nifty MidSmall Healthcare,,
1539,2025-08-04,2060.0,2061.5,2000.300048828125,2040.5999755859373,54663,0.0,0.0,METROPOLIS,Nifty MidSmall Healthcare,,
1540,2025-08-05,2043.0,2054.699951171875,2005.9000244140625,2028.800048828125,34130,0.0,0.0,METROPOLIS,Nifty MidSmall Healthcare,,
1541,2025-08-06,2029.800048828125,2060.89990234375,2007.699951171875,2055.699951171875,60476,0.0,0.0,METROPOLIS,Nifty MidSmall Healthcare,,
1542,2025-08-07,2066.0,2075.0,1965.800048828125,1994.5999755859373,58325,0.0,0.0,METROPOLIS,Nifty MidSmall Healthcare,,
1543,2025-08-08,2024.5,2030.0,1978.300048828125,2008.4000244140625,55614,0.0,0.0,METROPOLIS,Nifty MidSmall Healthcare,,
1544,2025-08-11,2028.0,2075.0,2005.5999755859373,2043.4000244140625,139180,0.0,0.0,METROPOLIS,Nifty MidSmall Healthcare,,
1545,2025-08-12,2060.89990234375,2106.39990234375,2050.10009765625,2092.89990234375,92084,0.0,0.0,METROPOLIS,Nifty MidSmall Healthcare,,
1546,2025-08-13,2104.0,2160.199951171875,2080.0,2125.60009765625,119608,0.0,0.0,METROPOLIS,Nifty MidSmall Healthcare,,
1547,2025-08-14,2150.0,2150.0,2101.5,2121.300048828125,53638,0.0,0.0,METROPOLIS,Nifty MidSmall Healthcare,,
1548,2025-08-04,926.0,939.8499755859376,917.6500244140624,934.6500244140624,389428,0.0,0.0,NATCOPHARM,Nifty MidSmall Healthcare,,
1549,2025-08-05,938.9500122070312,943.3499755859376,925.5,931.75,312612,0.0,0.0,NATCOPHARM,Nifty MidSmall Healthcare,,
1550,2025-08-06,926.0,941.0,911.0499877929688,917.8499755859376,516611,0.0,0.0,NATCOPHARM,Nifty MidSmall Healthcare,,
1551,2025-08-07,905.0499877929688,947.9000244140624,905.0499877929688,945.0,1252135,0.0,0.0,NATCOPHARM,Nifty MidSmall Healthcare,,
1552,2025-08-08,949.9500122070312,949.9500122070312,905.0,907.7999877929688,556653,0.0,0.0,NATCOPHARM,Nifty MidSmall Healthcare,,
1553,2025-08-11,914.9000244140624,915.0499877929688,893.5999755859375,899.7999877929688,357967,0.0,0.0,NATCOPHARM,Nifty MidSmall Healthcare,,
1554,2025-08-12,901.0499877929688,924.0,871.0,888.2999877929688,1409298,0.0,0.0,NATCOPHARM,Nifty MidSmall Healthcare,,
1555,2025-08-13,888.0999755859375,907.6500244140624,887.0999755859375,904.25,517128,0.0,0.0,NATCOPHARM,Nifty MidSmall Healthcare,,
1556,2025-08-14,902.0,908.75,870.0,874.4500122070312,594371,0.0,0.0,NATCOPHARM,Nifty MidSmall Healthcare,,
1557,2025-08-04,12992.0,13190.0,12624.0,13083.0,80684,0.0,0.0,NEULANDLAB,Nifty MidSmall Healthcare,,
1558,2025-08-05,13050.0,13230.0,12777.0,12829.0,44349,0.0,0.0,NEULANDLAB,Nifty MidSmall Healthcare,,
1559,2025-08-06,12810.0,12879.0,12450.0,12806.0,42852,0.0,0.0,NEULANDLAB,Nifty MidSmall Healthcare,,
1560,2025-08-07,12821.0,12936.0,12614.0,12831.0,39229,0.0,0.0,NEULANDLAB,Nifty MidSmall Healthcare,,
1561,2025-08-08,12831.0,13520.0,12747.0,13099.0,135665,0.0,0.0,NEULANDLAB,Nifty MidSmall Healthcare,,
1562,2025-08-11,13100.0,13329.0,12903.0,13296.0,34168,0.0,0.0,NEULANDLAB,Nifty MidSmall Healthcare,,
1563,2025-08-12,13296.0,13330.0,12850.0,12979.0,26949,0.0,0.0,NEULANDLAB,Nifty MidSmall Healthcare,,
1564,2025-08-13,13020.0,13179.0,12950.0,13018.0,23508,0.0,0.0,NEULANDLAB,Nifty MidSmall Healthcare,,
1565,2025-08-14,13018.0,13347.0,12935.0,13278.0,35721,0.0,0.0,NEULANDLAB,Nifty MidSmall Healthcare,,
1566,2025-08-04,855.0,880.0,840.0,850.4000244140625,27094,0.0,0.0,SHILPAMED,Nifty MidSmall Healthcare,,
1567,2025-08-05,850.4000244140625,872.0,832.25,861.9000244140625,39149,0.0,0.0,SHILPAMED,Nifty MidSmall Healthcare,,
1568,2025-08-06,859.9500122070312,861.9000244140625,818.7999877929688,821.4500122070312,29331,0.0,0.0,SHILPAMED,Nifty MidSmall Healthcare,,
1569,2025-08-07,818.0,832.5,796.0,822.2000122070312,76094,0.0,0.0,SHILPAMED,Nifty MidSmall Healthcare,,
1570,2025-08-08,822.2000122070312,850.0,802.5,832.0,41981,0.0,0.0,SHILPAMED,Nifty MidSmall Healthcare,,
1571,2025-08-11,850.0,873.5999755859375,801.0999755859375,872.75,88288,0.0,0.0,SHILPAMED,Nifty MidSmall Healthcare,,
1572,2025-08-12,882.0,882.0,848.0,870.2000122070312,44954,0.0,0.0,SHILPAMED,Nifty MidSmall Healthcare,,
1573,2025-08-13,876.0,913.7000122070312,856.0,906.2000122070312,114891,0.0,0.0,SHILPAMED,Nifty MidSmall Healthcare,,
1574,2025-08-14,942.9500122070312,949.9000244140624,898.0,908.6500244140624,129859,0.0,0.0,SHILPAMED,Nifty MidSmall Healthcare,,
1575,2025-08-04,228.0,231.009994506836,226.0500030517578,227.3699951171875,32762,0.0,0.0,SMSPHARMA,Nifty MidSmall Healthcare,,
1576,2025-08-05,226.0500030517578,228.52999877929688,217.8000030517578,221.17999267578125,94116,0.0,0.0,SMSPHARMA,Nifty MidSmall Healthcare,,
1577,2025-08-06,219.0,223.2899932861328,212.6000061035156,214.7100067138672,62694,0.0,0.0,SMSPHARMA,Nifty MidSmall Healthcare,,
1578,2025-08-07,212.5,219.5800018310547,207.9900054931641,214.97000122070312,95470,0.0,0.0,SMSPHARMA,Nifty MidSmall Healthcare,,
1579,2025-08-08,215.0,226.6000061035156,213.6100006103516,224.3099975585937,92403,0.0,0.0,SMSPHARMA,Nifty MidSmall Healthcare,,
1580,2025-08-11,225.4499969482422,234.0,218.6100006103516,229.6199951171875,157976,0.0,0.0,SMSPHARMA,Nifty MidSmall Healthcare,,
1581,2025-08-12,232.1000061035156,233.1999969482422,228.2700042724609,229.97000122070312,21658,0.0,0.0,SMSPHARMA,Nifty MidSmall Healthcare,,
1582,2025-08-13,229.97000122070312,239.0,229.0,233.7700042724609,103209,0.0,0.0,SMSPHARMA,Nifty MidSmall Healthcare,,
1583,2025-08-14,234.0,235.5,232.66000366210932,234.72000122070312,19285,0.0,0.0,SMSPHARMA,Nifty MidSmall Healthcare,,
1584,2025-08-04,1324.9000244140625,1367.800048828125,1313.5999755859375,1352.9000244140625,79621,0.0,0.0,THYROCARE,Nifty MidSmall Healthcare,,
1585,2025-08-05,1355.300048828125,1355.4000244140625,1312.0999755859375,1320.800048828125,50500,0.0,0.0,THYROCARE,Nifty MidSmall Healthcare,,
1586,2025-08-06,1310.0,1374.9000244140625,1310.0,1346.199951171875,184900,0.0,0.0,THYROCARE,Nifty MidSmall Healthcare,,
1587,2025-08-07,1347.5999755859375,1367.5999755859375,1326.0999755859375,1347.300048828125,86999,0.0,0.0,THYROCARE,Nifty MidSmall Healthcare,,
1588,2025-08-08,1347.300048828125,1369.9000244140625,1314.0,1337.4000244140625,117086,0.0,0.0,THYROCARE,Nifty MidSmall Healthcare,,
1589,2025-08-11,1325.0,1350.0,1263.5999755859375,1329.199951171875,157379,0.0,0.0,THYROCARE,Nifty MidSmall Healthcare,,
1590,2025-08-12,1330.800048828125,1367.0,1330.800048828125,1350.5,64873,0.0,0.0,THYROCARE,Nifty MidSmall Healthcare,,
1591,2025-08-13,1357.5,1435.0,1350.5999755859375,1376.199951171875,325472,0.0,0.0,THYROCARE,Nifty MidSmall Healthcare,,
1592,2025-08-14,1376.199951171875,1397.0,1344.0,1383.699951171875,97865,0.0,0.0,THYROCARE,Nifty MidSmall Healthcare,,
1593,2025-08-04,1705.0,1749.5,1690.0,1746.5,1391708,0.0,0.0,COFORGE,Nifty MidSmall IT & Telecom,,
1594,2025-08-05,1745.0,1748.0,1698.5999755859375,1706.699951171875,1980437,0.0,0.0,COFORGE,Nifty MidSmall IT & Telecom,,
1595,2025-08-06,1706.699951171875,1710.4000244140625,1634.0,1638.300048828125,2517229,0.0,0.0,COFORGE,Nifty MidSmall IT & Telecom,,
1596,2025-08-07,1638.300048828125,1708.0,1632.9000244140625,1704.0999755859375,2503589,0.0,0.0,COFORGE,Nifty MidSmall IT & Telecom,,
1597,2025-08-08,1682.0,1682.0,1601.300048828125,1606.800048828125,3441538,0.0,0.0,COFORGE,Nifty MidSmall IT & Telecom,,
1598,2025-08-11,1606.800048828125,1626.9000244140625,1584.300048828125,1613.9000244140625,1857927,0.0,0.0,COFORGE,Nifty MidSmall IT & Telecom,,
1599,2025-08-12,1619.5999755859375,1652.0,1613.9000244140625,1625.4000244140625,1170688,0.0,0.0,COFORGE,Nifty MidSmall IT & Telecom,,
1600,2025-08-13,1635.0,1640.0999755859375,1607.199951171875,1621.699951171875,873679,0.0,0.0,COFORGE,Nifty MidSmall IT & Telecom,,
1601,2025-08-14,1626.0,1649.9000244140625,1621.5999755859375,1642.0,1241786,0.0,0.0,COFORGE,Nifty MidSmall IT & Telecom,,
1602,2025-08-04,1186.0,1216.4000244140625,1181.300048828125,1210.0,183401,0.0,0.0,CYIENT,Nifty MidSmall IT & Telecom,,
1603,2025-08-05,1208.9000244140625,1216.300048828125,1201.5,1208.0,133379,0.0,0.0,CYIENT,Nifty MidSmall IT & Telecom,,
1604,2025-08-06,1208.0,1212.0,1183.0,1196.199951171875,282617,0.0,0.0,CYIENT,Nifty MidSmall IT & Telecom,,
1605,2025-08-07,1185.0999755859375,1195.4000244140625,1167.0,1187.0,472544,0.0,0.0,CYIENT,Nifty MidSmall IT & Telecom,,
1606,2025-08-08,1187.0,1188.0,1161.4000244140625,1166.0,138851,0.0,0.0,CYIENT,Nifty MidSmall IT & Telecom,,
1607,2025-08-11,1166.0,1172.0,1154.0,1162.800048828125,161640,0.0,0.0,CYIENT,Nifty MidSmall IT & Telecom,,
1608,2025-08-12,1160.0999755859375,1181.9000244140625,1160.0999755859375,1170.800048828125,174828,0.0,0.0,CYIENT,Nifty MidSmall IT & Telecom,,
1609,2025-08-13,1170.800048828125,1181.0,1165.199951171875,1169.0999755859375,127261,0.0,0.0,CYIENT,Nifty MidSmall IT & Telecom,,
1610,2025-08-14,1169.0999755859375,1183.199951171875,1168.0999755859375,1173.0,148077,0.0,0.0,CYIENT,Nifty MidSmall IT & Telecom,,
1611,2025-08-04,2540.10009765625,2725.0,2525.699951171875,2713.800048828125,410942,0.0,0.0,DATAPATTNS,Nifty MidSmall IT & Telecom,,
1612,2025-08-05,2725.0,2735.0,2630.0,2661.39990234375,235919,0.0,0.0,DATAPATTNS,Nifty MidSmall IT & Telecom,,
1613,2025-08-06,2686.0,2710.0,2585.0,2596.10009765625,199422,0.0,0.0,DATAPATTNS,Nifty MidSmall IT & Telecom,,
1614,2025-08-07,2590.0,2626.89990234375,2542.10009765625,2569.60009765625,192214,0.0,0.0,DATAPATTNS,Nifty MidSmall IT & Telecom,,
1615,2025-08-08,2400.0,2480.0,2351.0,2427.5,1034188,0.0,0.0,DATAPATTNS,Nifty MidSmall IT & Telecom,,
1616,2025-08-11,2372.199951171875,2585.699951171875,2372.199951171875,2514.300048828125,701262,0.0,0.0,DATAPATTNS,Nifty MidSmall IT & Telecom,,
1617,2025-08-12,2515.0,2548.199951171875,2480.60009765625,2525.10009765625,172009,0.0,0.0,DATAPATTNS,Nifty MidSmall IT & Telecom,,
1618,2025-08-13,2537.10009765625,2584.0,2500.0,2506.0,238354,0.0,0.0,DATAPATTNS,Nifty MidSmall IT & Telecom,,
1619,2025-08-14,2510.0,2527.89990234375,2501.60009765625,2517.5,121189,0.0,0.0,DATAPATTNS,Nifty MidSmall IT & Telecom,,
1620,2025-08-04,3829.0,4200.0,3782.10009765625,4087.300048828125,447087,0.0,0.0,ECLERX,Nifty MidSmall IT & Telecom,,
1621,2025-08-05,4035.0,4049.10009765625,3956.699951171875,3977.10009765625,117911,0.0,0.0,ECLERX,Nifty MidSmall IT & Telecom,,
1622,2025-08-06,3970.0,3991.5,3860.0,3951.60009765625,79199,0.0,0.0,ECLERX,Nifty MidSmall IT & Telecom,,
1623,2025-08-07,3940.0,4148.5,3898.800048828125,4114.5,210988,0.0,0.0,ECLERX,Nifty MidSmall IT & Telecom,,
1624,2025-08-08,4108.0,4150.89990234375,4020.0,4109.2998046875,162981,0.0,0.0,ECLERX,Nifty MidSmall IT & Telecom,,
1625,2025-08-11,4113.39990234375,4200.0,4068.199951171875,4108.89990234375,124903,0.0,0.0,ECLERX,Nifty MidSmall IT & Telecom,,
1626,2025-08-12,4102.0,4115.0,4046.0,4094.300048828125,46931,0.0,0.0,ECLERX,Nifty MidSmall IT & Telecom,,
1627,2025-08-13,4099.0,4145.89990234375,3945.60009765625,3989.300048828125,91539,0.0,0.0,ECLERX,Nifty MidSmall IT & Telecom,,
1628,2025-08-14,3989.300048828125,4089.300048828125,3960.5,3997.199951171875,64969,0.0,0.0,ECLERX,Nifty MidSmall IT & Telecom,,
1629,2025-08-04,73.5,75.29000091552734,73.26000213623047,75.01000213623047,11714562,0.0,0.0,HFCL,Nifty MidSmall IT & Telecom,,
1630,2025-08-05,75.1500015258789,75.54000091552734,73.6500015258789,74.0199966430664,4677682,0.0,0.0,HFCL,Nifty MidSmall IT & Telecom,,
1631,2025-08-06,74.11000061035156,74.5999984741211,72.56999969482422,72.86000061035156,10562288,0.0,0.0,HFCL,Nifty MidSmall IT & Telecom,,
1632,2025-08-07,72.6500015258789,74.27999877929688,72.1500015258789,73.95999908447266,6686300,0.0,0.0,HFCL,Nifty MidSmall IT & Telecom,,
1633,2025-08-08,73.94999694824219,74.47000122070312,72.5999984741211,72.94999694824219,3733818,0.0,0.0,HFCL,Nifty MidSmall IT & Telecom,,
1634,2025-08-11,73.0,73.87000274658203,72.25,73.19000244140625,4495272,0.0,0.0,HFCL,Nifty MidSmall IT & Telecom,,
1635,2025-08-12,73.54000091552734,73.83999633789062,71.80000305175781,71.98999786376953,4513554,0.0,0.0,HFCL,Nifty MidSmall IT & Telecom,,
1636,2025-08-13,72.0,72.80000305175781,71.41000366210938,71.5999984741211,5095065,0.0,0.0,HFCL,Nifty MidSmall IT & Telecom,,
1637,2025-08-14,71.94999694824219,72.45999908447266,70.3499984741211,71.08999633789062,7160882,0.0,0.0,HFCL,Nifty MidSmall IT & Telecom,,
1638,2025-08-04,286.0,294.0,285.25,292.54998779296875,157798,0.0,0.0,ITI,Nifty MidSmall IT & Telecom,,
1639,2025-08-05,293.75,295.20001220703125,288.1000061035156,289.6000061035156,135685,0.0,0.0,ITI,Nifty MidSmall IT & Telecom,,
1640,2025-08-06,293.0,304.04998779296875,293.0,299.54998779296875,1905933,0.0,0.0,ITI,Nifty MidSmall IT & Telecom,,
1641,2025-08-07,305.0,325.75,305.0,320.29998779296875,12671623,0.0,0.0,ITI,Nifty MidSmall IT & Telecom,,
1642,2025-08-08,320.0,320.0,300.5,303.6499938964844,1086308,0.0,0.0,ITI,Nifty MidSmall IT & Telecom,,
1643,2025-08-11,300.5,303.0,292.29998779296875,300.8500061035156,628048,0.0,0.0,ITI,Nifty MidSmall IT & Telecom,,
1644,2025-08-12,303.29998779296875,309.0,301.25,302.6000061035156,502609,0.0,0.0,ITI,Nifty MidSmall IT & Telecom,,
1645,2025-08-13,303.6000061035156,310.8500061035156,300.1499938964844,302.6000061035156,480010,0.0,0.0,ITI,Nifty MidSmall IT & Telecom,,
1646,2025-08-14,300.0,300.20001220703125,289.54998779296875,291.29998779296875,505036,0.0,0.0,ITI,Nifty MidSmall IT & Telecom,,
1647,2025-08-04,2674.699951171875,2775.0,2642.699951171875,2747.300048828125,506319,0.0,0.0,MPHASIS,Nifty MidSmall IT & Telecom,,
1648,2025-08-05,2746.89990234375,2746.89990234375,2694.0,2705.199951171875,228414,0.0,0.0,MPHASIS,Nifty MidSmall IT & Telecom,,
1649,2025-08-06,2709.0,2716.5,2646.10009765625,2654.10009765625,168222,0.0,0.0,MPHASIS,Nifty MidSmall IT & Telecom,,
1650,2025-08-07,2647.10009765625,2707.0,2640.0,2702.699951171875,200594,0.0,0.0,MPHASIS,Nifty MidSmall IT & Telecom,,
1651,2025-08-08,2699.0,2704.0,2653.10009765625,2695.89990234375,302616,0.0,0.0,MPHASIS,Nifty MidSmall IT & Telecom,,
1652,2025-08-11,2695.89990234375,2704.89990234375,2650.0,2672.199951171875,297006,0.0,0.0,MPHASIS,Nifty MidSmall IT & Telecom,,
1653,2025-08-12,2674.89990234375,2732.800048828125,2674.89990234375,2717.800048828125,438682,0.0,0.0,MPHASIS,Nifty MidSmall IT & Telecom,,
1654,2025-08-13,2731.5,2741.39990234375,2691.60009765625,2695.199951171875,257068,0.0,0.0,MPHASIS,Nifty MidSmall IT & Telecom,,
1655,2025-08-14,2700.5,2746.89990234375,2698.199951171875,2720.199951171875,463745,0.0,0.0,MPHASIS,Nifty MidSmall IT & Telecom,,
1656,2025-08-04,5055.0,5187.5,5017.5,5177.5,468127,0.0,0.0,PERSISTENT,Nifty MidSmall IT & Telecom,,
1657,2025-08-05,5177.5,5202.0,5113.5,5191.5,404213,0.0,0.0,PERSISTENT,Nifty MidSmall IT & Telecom,,
1658,2025-08-06,5192.0,5196.0,5036.0,5047.0,414065,0.0,0.0,PERSISTENT,Nifty MidSmall IT & Telecom,,
1659,2025-08-07,5025.0,5195.0,5008.5,5182.5,469097,0.0,0.0,PERSISTENT,Nifty MidSmall IT & Telecom,,
1660,2025-08-08,5187.0,5193.5,5085.5,5105.5,250504,0.0,0.0,PERSISTENT,Nifty MidSmall IT & Telecom,,
1661,2025-08-11,5090.5,5201.0,5066.0,5171.0,322296,0.0,0.0,PERSISTENT,Nifty MidSmall IT & Telecom,,
1662,2025-08-12,5214.5,5290.0,5180.0,5232.5,553305,0.0,0.0,PERSISTENT,Nifty MidSmall IT & Telecom,,
1663,2025-08-13,5275.0,5277.5,5202.0,5247.5,242009,0.0,0.0,PERSISTENT,Nifty MidSmall IT & Telecom,,
1664,2025-08-14,5265.0,5330.0,5247.5,5289.0,506273,0.0,0.0,PERSISTENT,Nifty MidSmall IT & Telecom,,
1665,2025-08-04,443.8500061035156,447.5499877929688,433.2999877929688,439.9500122070313,623009,0.0,0.0,RATEGAIN,Nifty MidSmall IT & Telecom,,
1666,2025-08-05,442.6000061035156,443.0,436.0,439.8999938964844,99820,0.0,0.0,RATEGAIN,Nifty MidSmall IT & Telecom,,
1667,2025-08-06,439.6499938964844,440.6000061035156,424.0,427.25,267227,0.0,0.0,RATEGAIN,Nifty MidSmall IT & Telecom,,
1668,2025-08-07,430.0,444.0,417.6000061035156,439.25,1500976,0.0,0.0,RATEGAIN,Nifty MidSmall IT & Telecom,,
1669,2025-08-08,443.0,490.5,442.8500061035156,474.0,4825418,0.0,0.0,RATEGAIN,Nifty MidSmall IT & Telecom,,
1670,2025-08-11,484.0,484.3500061035156,468.5,476.7000122070313,594906,0.0,0.0,RATEGAIN,Nifty MidSmall IT & Telecom,,
1671,2025-08-12,474.1000061035156,497.0,470.9500122070313,491.25,904228,0.0,0.0,RATEGAIN,Nifty MidSmall IT & Telecom,,
1672,2025-08-13,492.0,497.0,485.7000122070313,489.6000061035156,291453,0.0,0.0,RATEGAIN,Nifty MidSmall IT & Telecom,,
1673,2025-08-14,489.8999938964844,498.0,486.5,488.6000061035156,238056,0.0,0.0,RATEGAIN,Nifty MidSmall IT & Telecom,,
1674,2025-08-04,887.9500122070312,887.9500122070312,873.0999755859375,878.0999755859375,76681,0.0,0.0,ROUTE,Nifty MidSmall IT & Telecom,,
1675,2025-08-05,878.5499877929688,885.0,871.75,882.5499877929688,47492,0.0,0.0,ROUTE,Nifty MidSmall IT & Telecom,,
1676,2025-08-06,885.9000244140625,888.9500122070312,872.5,878.25,40564,0.0,0.0,ROUTE,Nifty MidSmall IT & Telecom,,
1677,2025-08-07,876.0,880.0,865.0,874.5,66540,0.0,0.0,ROUTE,Nifty MidSmall IT & Telecom,,
1678,2025-08-08,872.0499877929688,878.5999755859375,861.0,863.4000244140625,62939,0.0,0.0,ROUTE,Nifty MidSmall IT & Telecom,,
1679,2025-08-11,864.75,871.25,856.2000122070312,867.4000244140625,47189,0.0,0.0,ROUTE,Nifty MidSmall IT & Telecom,,
1680,2025-08-12,871.4000244140625,878.0999755859375,860.2999877929688,862.9500122070312,42659,0.0,0.0,ROUTE,Nifty MidSmall IT & Telecom,,
1681,2025-08-13,868.9000244140625,894.9000244140625,861.7000122070312,884.25,135170,0.0,0.0,ROUTE,Nifty MidSmall IT & Telecom,,
1682,2025-08-14,884.25,896.4500122070312,869.0499877929688,871.5,45783,0.0,0.0,ROUTE,Nifty MidSmall IT & Telecom,,
1683,2025-08-04,365.6379783584752,367.53117880565776,355.7235425307188,357.8160400390625,1750403,0.0,0.0,SONATSOFTW,Nifty MidSmall IT & Telecom,,
1684,2025-08-05,357.81605539136774,362.549071916628,352.13642339767006,354.1292724609375,887928,0.0,0.0,SONATSOFTW,Nifty MidSmall IT & Telecom,,
1685,2025-08-06,354.22891178559803,355.72354854418705,341.77360546402286,345.8091125488281,909624,0.0,0.0,SONATSOFTW,Nifty MidSmall IT & Telecom,,
1686,2025-08-07,343.9657444503796,349.3464305887039,340.1793131615869,348.3500061035156,509293,0.0,0.0,SONATSOFTW,Nifty MidSmall IT & Telecom,,
1687,2025-08-08,349.8999938964844,351.95001220703125,341.0,342.8999938964844,328008,1.25,0.0,SONATSOFTW,Nifty MidSmall IT & Telecom,,
1688,2025-08-11,343.0,344.6499938964844,327.79998779296875,329.75,1959465,0.0,0.0,SONATSOFTW,Nifty MidSmall IT & Telecom,,
1689,2025-08-12,331.0,381.0,329.1499938964844,373.6000061035156,40992949,0.0,0.0,SONATSOFTW,Nifty MidSmall IT & Telecom,,
1690,2025-08-13,377.0,385.0,353.75,367.4500122070313,9622633,0.0,0.0,SONATSOFTW,Nifty MidSmall IT & Telecom,,
1691,2025-08-14,367.0,372.3999938964844,357.0,359.70001220703125,2373807,0.0,0.0,SONATSOFTW,Nifty MidSmall IT & Telecom,,
1692,2025-08-04,341.95001220703125,344.0,329.79998779296875,331.1000061035156,109785,0.0,0.0,STERTOOLS,Nifty MidSmall IT & Telecom,,
1693,2025-08-05,329.70001220703125,337.70001220703125,325.0,326.3500061035156,94854,0.0,0.0,STERTOOLS,Nifty MidSmall IT & Telecom,,
1694,2025-08-06,327.0,334.8500061035156,314.6499938964844,317.29998779296875,103668,0.0,0.0,STERTOOLS,Nifty MidSmall IT & Telecom,,
1695,2025-08-07,317.3500061035156,326.8500061035156,305.29998779296875,313.04998779296875,141150,0.0,0.0,STERTOOLS,Nifty MidSmall IT & Telecom,,
1696,2025-08-08,309.6000061035156,313.8999938964844,300.1499938964844,301.54998779296875,124209,0.0,0.0,STERTOOLS,Nifty MidSmall IT & Telecom,,
1697,2025-08-11,301.5,306.5,299.0,302.29998779296875,58865,0.0,0.0,STERTOOLS,Nifty MidSmall IT & Telecom,,
1698,2025-08-12,302.29998779296875,313.20001220703125,302.29998779296875,307.5,100624,0.0,0.0,STERTOOLS,Nifty MidSmall IT & Telecom,,
1699,2025-08-13,310.54998779296875,312.0,307.95001220703125,310.1000061035156,39039,0.0,0.0,STERTOOLS,Nifty MidSmall IT & Telecom,,
1700,2025-08-14,313.0,314.3999938964844,302.3999938964844,304.1499938964844,27181,0.0,0.0,STERTOOLS,Nifty MidSmall IT & Telecom,,
1701,2025-08-04,12.5600004196167,12.989999771118164,12.520000457763672,12.6899995803833,470567,0.0,0.0,SUBEXLTD,Nifty MidSmall IT & Telecom,,
1702,2025-08-05,12.6899995803833,13.050000190734863,12.380000114440918,12.890000343322754,380191,0.0,0.0,SUBEXLTD,Nifty MidSmall IT & Telecom,,
1703,2025-08-06,12.890000343322754,13.0,12.239999771118164,12.640000343322754,636698,0.0,0.0,SUBEXLTD,Nifty MidSmall IT & Telecom,,
1704,2025-08-07,12.550000190734863,12.949999809265137,12.25,12.40999984741211,355399,0.0,0.0,SUBEXLTD,Nifty MidSmall IT & Telecom,,
1705,2025-08-08,12.470000267028809,12.710000038146973,12.25,12.359999656677246,565357,0.0,0.0,SUBEXLTD,Nifty MidSmall IT & Telecom,,
1706,2025-08-11,12.359999656677246,12.579999923706056,12.010000228881836,12.18000030517578,400023,0.0,0.0,SUBEXLTD,Nifty MidSmall IT & Telecom,,
1707,2025-08-12,12.779999732971191,12.779999732971191,12.779999732971191,12.779999732971191,430223,0.0,0.0,SUBEXLTD,Nifty MidSmall IT & Telecom,,
1708,2025-08-13,13.100000381469728,13.40999984741211,13.09000015258789,13.40999984741211,689491,0.0,0.0,SUBEXLTD,Nifty MidSmall IT & Telecom,,
1709,2025-08-14,13.84000015258789,14.079999923706056,13.0,13.75,1721766,0.0,0.0,SUBEXLTD,Nifty MidSmall IT & Telecom,,
1710,2025-08-04,617.0,619.9500122070312,601.0,602.1500244140625,451979,0.0,0.0,TANLA,Nifty MidSmall IT & Telecom,,
1711,2025-08-05,604.0,685.9000244140625,600.0999755859375,672.0999755859375,14755771,0.0,0.0,TANLA,Nifty MidSmall IT & Telecom,,
1712,2025-08-06,665.0,669.0,646.5999755859375,651.4500122070312,1841009,0.0,0.0,TANLA,Nifty MidSmall IT & Telecom,,
1713,2025-08-07,647.0,651.5999755859375,625.0,641.9500122070312,862556,0.0,0.0,TANLA,Nifty MidSmall IT & Telecom,,
1714,2025-08-08,641.8499755859375,647.5499877929688,614.0999755859375,618.4000244140625,457055,0.0,0.0,TANLA,Nifty MidSmall IT & Telecom,,
1715,2025-08-11,615.4000244140625,624.9500122070312,607.0,615.9000244140625,709076,0.0,0.0,TANLA,Nifty MidSmall IT & Telecom,,
1716,2025-08-12,617.4000244140625,624.5,610.0499877929688,611.2000122070312,488942,0.0,0.0,TANLA,Nifty MidSmall IT & Telecom,,
1717,2025-08-13,617.1500244140625,619.3499755859375,605.0,609.5999755859375,491810,0.0,0.0,TANLA,Nifty MidSmall IT & Telecom,,
1718,2025-08-14,609.5,616.0,605.2999877929688,609.0499877929688,425077,0.0,0.0,TANLA,Nifty MidSmall IT & Telecom,,
1719,2025-08-04,575.5499877929688,584.2000122070312,570.1500244140625,580.8499755859375,404244,0.0,0.0,TEJASNET,Nifty MidSmall IT & Telecom,,
1720,2025-08-05,582.0499877929688,588.0,576.0,578.5,374072,0.0,0.0,TEJASNET,Nifty MidSmall IT & Telecom,,
1721,2025-08-06,579.0,579.5499877929688,568.4500122070312,569.9500122070312,361159,0.0,0.0,TEJASNET,Nifty MidSmall IT & Telecom,,
1722,2025-08-07,565.0,576.2999877929688,560.7000122070312,570.2999877929688,431825,0.0,0.0,TEJASNET,Nifty MidSmall IT & Telecom,,
1723,2025-08-08,570.4000244140625,576.7999877929688,554.4000244140625,556.6500244140625,500783,0.0,0.0,TEJASNET,Nifty MidSmall IT & Telecom,,
1724,2025-08-11,557.75,565.8499755859375,545.0,563.0,869500,0.0,0.0,TEJASNET,Nifty MidSmall IT & Telecom,,
1725,2025-08-12,567.9000244140625,574.4000244140625,550.0,550.9500122070312,548827,0.0,0.0,TEJASNET,Nifty MidSmall IT & Telecom,,
1726,2025-08-13,556.0,556.2999877929688,542.25,550.8499755859375,612497,0.0,0.0,TEJASNET,Nifty MidSmall IT & Telecom,,
1727,2025-08-14,555.5,558.7999877929688,545.6500244140625,554.7999877929688,565723,0.0,0.0,TEJASNET,Nifty MidSmall IT & Telecom,,
1728,2025-08-04,1081.0420373399852,1097.2811290277189,1071.97609284777,1086.322265625,716719,0.0,0.0,AUROPHARMA,Nifty Pharma,,
1729,2025-08-05,1069.0869070968668,1105.2512047504338,1056.932580042716,1075.2637939453125,2733423,0.0,0.0,AUROPHARMA,Nifty Pharma,,
1730,2025-08-06,1066.8951283164615,1080.9423735485725,1056.2350706505135,1068.2899169921875,1830084,0.0,0.0,AUROPHARMA,Nifty Pharma,,
1731,2025-08-07,1056.1355028866735,1080.2450747309756,1043.6822493350105,1065.5999755859375,947918,0.0,0.0,AUROPHARMA,Nifty Pharma,,
1732,2025-08-08,1070.0999755859375,1070.800048828125,1039.199951171875,1042.0999755859375,881747,4.0,0.0,AUROPHARMA,Nifty Pharma,,
1733,2025-08-11,1042.0,1056.4000244140625,1031.800048828125,1052.9000244140625,796011,0.0,0.0,AUROPHARMA,Nifty Pharma,,
1734,2025-08-12,1052.5,1068.5,1045.0999755859375,1058.199951171875,668937,0.0,0.0,AUROPHARMA,Nifty Pharma,,
1735,2025-08-13,1059.199951171875,1083.5999755859375,1057.199951171875,1078.199951171875,444446,0.0,0.0,AUROPHARMA,Nifty Pharma,,
1736,2025-08-14,1081.0,1113.0,1070.0,1083.5999755859375,1154139,0.0,0.0,AUROPHARMA,Nifty Pharma,,
1737,2025-08-04,383.1000061035156,386.6000061035156,373.0499877929688,382.3999938964844,8430624,0.0,0.0,BIOCON,Nifty Pharma,,
1738,2025-08-05,383.0,386.7999877929688,370.6499938964844,372.3500061035156,3095425,0.0,0.0,BIOCON,Nifty Pharma,,
1739,2025-08-06,372.0,372.8999938964844,359.3999938964844,360.3999938964844,4170067,0.0,0.0,BIOCON,Nifty Pharma,,
1740,2025-08-07,358.79998779296875,366.2999877929688,355.54998779296875,364.2000122070313,2148156,0.0,0.0,BIOCON,Nifty Pharma,,
1741,2025-08-08,358.95001220703125,365.7999877929688,341.20001220703125,343.3500061035156,5841196,0.0,0.0,BIOCON,Nifty Pharma,,
1742,2025-08-11,342.6000061035156,342.8500061035156,331.0,342.1000061035156,5044883,0.0,0.0,BIOCON,Nifty Pharma,,
1743,2025-08-12,342.1000061035156,357.5,340.1000061035156,354.8999938964844,7056392,0.0,0.0,BIOCON,Nifty Pharma,,
1744,2025-08-13,355.45001220703125,361.8999938964844,354.0,360.25,2379044,0.0,0.0,BIOCON,Nifty Pharma,,
1745,2025-08-14,361.0,368.0,358.1499938964844,359.25,2525023,0.0,0.0,BIOCON,Nifty Pharma,,
1746,2025-08-04,1510.0,1519.300048828125,1505.0,1515.0999755859375,549494,0.0,0.0,CIPLA,Nifty Pharma,,
1747,2025-08-05,1513.5,1517.300048828125,1491.0999755859375,1499.800048828125,1156528,0.0,0.0,CIPLA,Nifty Pharma,,
1748,2025-08-06,1498.800048828125,1498.800048828125,1475.0,1486.699951171875,1157300,0.0,0.0,CIPLA,Nifty Pharma,,
1749,2025-08-07,1476.0999755859375,1499.800048828125,1464.0999755859375,1491.0,1882304,0.0,0.0,CIPLA,Nifty Pharma,,
1750,2025-08-08,1483.0,1493.800048828125,1478.300048828125,1485.800048828125,920270,0.0,0.0,CIPLA,Nifty Pharma,,
1751,2025-08-11,1488.0,1514.0,1480.199951171875,1504.800048828125,898160,0.0,0.0,CIPLA,Nifty Pharma,,
1752,2025-08-12,1504.0,1524.9000244140625,1501.0999755859375,1521.5999755859375,910349,0.0,0.0,CIPLA,Nifty Pharma,,
1753,2025-08-13,1521.5999755859375,1567.800048828125,1520.4000244140625,1561.0,1859765,0.0,0.0,CIPLA,Nifty Pharma,,
1754,2025-08-14,1562.5,1574.800048828125,1552.0,1564.0,2535958,0.0,0.0,CIPLA,Nifty Pharma,,
1755,2025-08-04,6372.0,6513.5,6343.0,6489.5,351237,0.0,0.0,DIVISLAB,Nifty Pharma,,
1756,2025-08-05,6489.5,6530.5,6363.5,6409.0,377699,0.0,0.0,DIVISLAB,Nifty Pharma,,
1757,2025-08-06,6410.5,6449.0,6054.5,6133.5,984259,0.0,0.0,DIVISLAB,Nifty Pharma,,
1758,2025-08-07,6150.0,6174.5,5960.5,6131.5,1004420,0.0,0.0,DIVISLAB,Nifty Pharma,,
1759,2025-08-08,6100.0,6118.0,5893.5,5914.5,541367,0.0,0.0,DIVISLAB,Nifty Pharma,,
1760,2025-08-11,5891.0,6016.0,5856.5,5992.0,677693,0.0,0.0,DIVISLAB,Nifty Pharma,,
1761,2025-08-12,5992.0,6015.0,5947.0,5961.0,477759,0.0,0.0,DIVISLAB,Nifty Pharma,,
1762,2025-08-13,5971.0,6150.0,5970.0,6100.5,394932,0.0,0.0,DIVISLAB,Nifty Pharma,,
1763,2025-08-14,6155.0,6205.0,6091.0,6132.5,407062,0.0,0.0,DIVISLAB,Nifty Pharma,,
1764,2025-08-04,1225.0999755859375,1232.199951171875,1219.199951171875,1225.0,767310,0.0,0.0,DRREDDY,Nifty Pharma,,
1765,2025-08-05,1225.0,1232.0,1205.0,1214.800048828125,956582,0.0,0.0,DRREDDY,Nifty Pharma,,
1766,2025-08-06,1214.800048828125,1217.800048828125,1187.5,1196.699951171875,1701845,0.0,0.0,DRREDDY,Nifty Pharma,,
1767,2025-08-07,1184.0,1210.0,1183.4000244140625,1200.800048828125,1246560,0.0,0.0,DRREDDY,Nifty Pharma,,
1768,2025-08-08,1200.800048828125,1215.0,1195.4000244140625,1211.4000244140625,2389106,0.0,0.0,DRREDDY,Nifty Pharma,,
1769,2025-08-11,1212.5,1237.0,1208.5999755859375,1219.5,1246374,0.0,0.0,DRREDDY,Nifty Pharma,,
1770,2025-08-12,1210.0,1227.199951171875,1204.0999755859375,1220.300048828125,922461,0.0,0.0,DRREDDY,Nifty Pharma,,
1771,2025-08-13,1220.300048828125,1255.5,1219.800048828125,1253.4000244140625,1192506,0.0,0.0,DRREDDY,Nifty Pharma,,
1772,2025-08-14,1255.0999755859375,1266.0,1250.199951171875,1260.4000244140625,1603933,0.0,0.0,DRREDDY,Nifty Pharma,,
1773,2025-08-04,1957.464580531395,1980.9459061750308,1932.4972205733168,1964.4991455078125,111010,0.0,0.0,GLAND,Nifty Pharma,,
1774,2025-08-05,1964.499076275986,1994.321233214832,1913.1771347952777,1946.5660400390625,148493,0.0,0.0,GLAND,Nifty Pharma,,
1775,2025-08-06,2001.5538587705385,2070.115106489832,1922.3914185582448,1939.4326171875,1948663,0.0,0.0,GLAND,Nifty Pharma,,
1776,2025-08-07,1921.8959956032704,1958.7525970025,1907.232548927573,1939.7298583984373,256619,0.0,0.0,GLAND,Nifty Pharma,,
1777,2025-08-08,1938.9371718997493,1954.294109132476,1911.889098589821,1916.743896484375,152477,0.0,0.0,GLAND,Nifty Pharma,,
1778,2025-08-11,1916.7439628571835,1927.246102559024,1889.696009554263,1918.4283447265625,78843,0.0,0.0,GLAND,Nifty Pharma,,
1779,2025-08-12,1925.0664230690284,1948.844906936068,1897.027579131696,1915.5550537109373,208466,0.0,0.0,GLAND,Nifty Pharma,,
1780,2025-08-13,1916.149522678902,1951.81724905762,1904.2602805526624,1932.199951171875,202968,0.0,0.0,GLAND,Nifty Pharma,,
1781,2025-08-14,1948.0,1998.0,1945.0,1975.800048828125,208200,18.0,0.0,GLAND,Nifty Pharma,,
1782,2025-08-04,1448.0904134675234,1461.4718680023352,1416.6340664623483,1441.199951171875,126388,0.0,0.0,IPCALAB,Nifty Pharma,,
1783,2025-08-05,1454.0,1456.5,1412.0,1427.0,115437,2.0,0.0,IPCALAB,Nifty Pharma,,
1784,2025-08-06,1420.199951171875,1427.800048828125,1375.0,1387.300048828125,132650,0.0,0.0,IPCALAB,Nifty Pharma,,
1785,2025-08-07,1370.300048828125,1396.5999755859375,1368.0999755859375,1391.5,114551,0.0,0.0,IPCALAB,Nifty Pharma,,
1786,2025-08-08,1399.9000244140625,1407.0,1376.800048828125,1386.800048828125,55816,0.0,0.0,IPCALAB,Nifty Pharma,,
1787,2025-08-11,1380.0,1396.5,1322.0,1336.699951171875,488727,0.0,0.0,IPCALAB,Nifty Pharma,,
1788,2025-08-12,1343.300048828125,1395.5999755859375,1343.300048828125,1376.699951171875,376991,0.0,0.0,IPCALAB,Nifty Pharma,,
1789,2025-08-13,1396.4000244140625,1397.4000244140625,1341.9000244140625,1364.5999755859375,113370,0.0,0.0,IPCALAB,Nifty Pharma,,
1790,2025-08-14,1376.0,1403.0,1350.5,1365.9000244140625,95383,0.0,0.0,IPCALAB,Nifty Pharma,,
1791,2025-08-04,1883.9000244140625,1899.0,1857.0999755859373,1882.199951171875,515426,0.0,0.0,LUPIN,Nifty Pharma,,
1792,2025-08-05,1889.0,1890.9000244140625,1855.5999755859373,1864.5,877812,0.0,0.0,LUPIN,Nifty Pharma,,
1793,2025-08-06,1908.0,1908.0,1836.800048828125,1851.800048828125,2735877,0.0,0.0,LUPIN,Nifty Pharma,,
1794,2025-08-07,1855.9000244140625,1952.699951171875,1855.0,1944.199951171875,4166570,0.0,0.0,LUPIN,Nifty Pharma,,
1795,2025-08-08,1933.0,1939.199951171875,1912.199951171875,1918.0,1159423,0.0,0.0,LUPIN,Nifty Pharma,,
1796,2025-08-11,1918.0,1950.699951171875,1906.300048828125,1944.800048828125,1016105,0.0,0.0,LUPIN,Nifty Pharma,,
1797,2025-08-12,1937.5999755859373,1960.699951171875,1932.0,1943.800048828125,1091418,0.0,0.0,LUPIN,Nifty Pharma,,
1798,2025-08-13,1943.800048828125,2005.800048828125,1943.800048828125,1989.800048828125,875771,0.0,0.0,LUPIN,Nifty Pharma,,
1799,2025-08-14,1990.0,2009.800048828125,1957.699951171875,1961.5999755859373,859101,0.0,0.0,LUPIN,Nifty Pharma,,
1800,2025-08-04,1629.800048828125,1647.4000244140625,1613.5999755859375,1641.5999755859375,1898762,0.0,0.0,SUNPHARMA,Nifty Pharma,,
1801,2025-08-05,1640.9000244140625,1644.5999755859375,1620.0999755859375,1632.0999755859375,1622897,0.0,0.0,SUNPHARMA,Nifty Pharma,,
1802,2025-08-06,1629.699951171875,1629.699951171875,1591.0,1595.199951171875,2376257,0.0,0.0,SUNPHARMA,Nifty Pharma,,
1803,2025-08-07,1581.0,1605.4000244140625,1571.0,1598.4000244140625,3435674,0.0,0.0,SUNPHARMA,Nifty Pharma,,
1804,2025-08-08,1590.0,1602.0,1580.9000244140625,1586.9000244140625,1654424,0.0,0.0,SUNPHARMA,Nifty Pharma,,
1805,2025-08-11,1586.9000244140625,1660.0,1584.199951171875,1608.4000244140625,1140902,0.0,0.0,SUNPHARMA,Nifty Pharma,,
1806,2025-08-12,1611.699951171875,1636.699951171875,1610.0999755859375,1622.199951171875,1679088,0.0,0.0,SUNPHARMA,Nifty Pharma,,
1807,2025-08-13,1624.199951171875,1643.5,1617.300048828125,1639.800048828125,1313668,0.0,0.0,SUNPHARMA,Nifty Pharma,,
1808,2025-08-14,1639.800048828125,1651.0999755859375,1632.199951171875,1641.4000244140625,1738094,0.0,0.0,SUNPHARMA,Nifty Pharma,,
1809,2025-08-04,3658.300048828125,3675.5,3604.39990234375,3612.800048828125,406695,0.0,0.0,TORNTPHARM,Nifty Pharma,,
1810,2025-08-05,3612.5,3631.800048828125,3583.5,3589.199951171875,281518,0.0,0.0,TORNTPHARM,Nifty Pharma,,
1811,2025-08-06,3580.10009765625,3591.10009765625,3516.10009765625,3524.10009765625,257376,0.0,0.0,TORNTPHARM,Nifty Pharma,,
1812,2025-08-07,3490.199951171875,3637.0,3490.199951171875,3596.699951171875,402653,0.0,0.0,TORNTPHARM,Nifty Pharma,,
1813,2025-08-08,3600.0,3619.199951171875,3562.800048828125,3573.199951171875,178509,0.0,0.0,TORNTPHARM,Nifty Pharma,,
1814,2025-08-11,3573.199951171875,3620.10009765625,3558.0,3614.89990234375,125488,0.0,0.0,TORNTPHARM,Nifty Pharma,,
1815,2025-08-12,3614.89990234375,3641.800048828125,3591.699951171875,3626.10009765625,230368,0.0,0.0,TORNTPHARM,Nifty Pharma,,
1816,2025-08-13,3629.699951171875,3652.300048828125,3604.0,3617.800048828125,287440,0.0,0.0,TORNTPHARM,Nifty Pharma,,
1817,2025-08-14,3621.300048828125,3647.699951171875,3593.89990234375,3623.0,382408,0.0,0.0,TORNTPHARM,Nifty Pharma,,
1818,2025-08-04,949.9500122070312,962.0,946.5499877929688,958.8499755859376,621617,0.0,0.0,ZYDUSLIFE,Nifty Pharma,,
1819,2025-08-05,953.5,964.2000122070312,948.0999755859376,960.25,479835,0.0,0.0,ZYDUSLIFE,Nifty Pharma,,
1820,2025-08-06,956.0,959.0499877929688,930.0,932.7000122070312,1059453,0.0,0.0,ZYDUSLIFE,Nifty Pharma,,
1821,2025-08-07,920.0,947.75,919.0499877929688,944.4500122070312,954020,0.0,0.0,ZYDUSLIFE,Nifty Pharma,,
1822,2025-08-08,949.7999877929688,952.0499877929688,932.0499877929688,936.1500244140624,589784,0.0,0.0,ZYDUSLIFE,Nifty Pharma,,
1823,2025-08-11,940.9500122070312,958.0,934.0499877929688,955.5499877929688,355333,0.0,0.0,ZYDUSLIFE,Nifty Pharma,,
1824,2025-08-12,955.5499877929688,969.0,948.0,955.6500244140624,912710,0.0,0.0,ZYDUSLIFE,Nifty Pharma,,
1825,2025-08-13,955.6500244140624,997.5,938.5499877929688,988.5999755859376,1911458,0.0,0.0,ZYDUSLIFE,Nifty Pharma,,
1826,2025-08-14,993.5499877929688,1002.8499755859376,982.2000122070312,988.7999877929688,717164,0.0,0.0,ZYDUSLIFE,Nifty Pharma,,
1827,2025-08-04,980.277899942465,993.4440379219552,967.1117619629748,982.771484375,124957,0.0,0.0,BRIGADE,Nifty Realty,,
1828,2025-08-05,988.3571706196932,994.6409913448762,969.10664969669,990.2522583007812,124464,0.0,0.0,BRIGADE,Nifty Realty,,
1829,2025-08-06,989.454306141427,995.837906661492,961.5261604035642,966.214111328125,250041,0.0,0.0,BRIGADE,Nifty Realty,,
1830,2025-08-07,953.6464178637568,966.413619019621,937.5877582703248,951.6515502929688,205043,0.0,0.0,BRIGADE,Nifty Realty,,
1831,2025-08-08,951.6515575365124,960.329243711196,940.7795657200816,945.3677368164062,711610,0.0,0.0,BRIGADE,Nifty Realty,,
1832,2025-08-11,957.536417125171,965.1168894093348,945.5672119111064,958.8330688476562,127382,0.0,0.0,BRIGADE,Nifty Realty,,
1833,2025-08-12,966.1143464454914,975.3905294126238,950.9534015120208,971.7000122070312,123311,0.0,0.0,BRIGADE,Nifty Realty,,
1834,2025-08-13,979.7999877929688,980.0,956.4000244140624,966.2000122070312,175538,2.5,0.0,BRIGADE,Nifty Realty,,
1835,2025-08-14,985.0,1006.5999755859376,894.0999755859375,937.5999755859376,3201681,0.0,0.0,BRIGADE,Nifty Realty,,
1836,2025-08-04,780.0,796.0,774.0,792.8499755859375,1554859,0.0,0.0,DLF,Nifty Realty,,
1837,2025-08-05,795.0,798.7999877929688,770.0999755859375,780.9500122070312,4368329,0.0,0.0,DLF,Nifty Realty,,
1838,2025-08-06,780.9000244140625,781.75,755.0999755859375,764.5,4917073,0.0,0.0,DLF,Nifty Realty,,
1839,2025-08-07,759.7999877929688,763.2000122070312,746.25,759.6500244140625,3898418,0.0,0.0,DLF,Nifty Realty,,
1840,2025-08-08,759.2000122070312,768.5999755859375,743.1500244140625,747.2000122070312,1923910,0.0,0.0,DLF,Nifty Realty,,
1841,2025-08-11,747.25,768.5,742.1500244140625,764.9500122070312,2614700,0.0,0.0,DLF,Nifty Realty,,
1842,2025-08-12,764.5999755859375,764.5999755859375,752.0,757.4000244140625,2771092,0.0,0.0,DLF,Nifty Realty,,
1843,2025-08-13,758.5,767.2000122070312,753.5499877929688,757.6500244140625,1366582,0.0,0.0,DLF,Nifty Realty,,
1844,2025-08-14,759.0,762.7000122070312,749.0,751.5499877929688,1437774,0.0,0.0,DLF,Nifty Realty,,
1845,2025-08-04,2036.0,2110.0,2036.0,2098.10009765625,934764,0.0,0.0,GODREJPROP,Nifty Realty,,
1846,2025-08-05,2100.199951171875,2120.0,2076.0,2114.800048828125,521123,0.0,0.0,GODREJPROP,Nifty Realty,,
1847,2025-08-06,2103.0,2114.5,2054.5,2061.5,605906,0.0,0.0,GODREJPROP,Nifty Realty,,
1848,2025-08-07,2042.0999755859373,2063.89990234375,2009.4000244140625,2043.800048828125,1028052,0.0,0.0,GODREJPROP,Nifty Realty,,
1849,2025-08-08,2053.699951171875,2072.699951171875,1965.5,1971.9000244140625,802032,0.0,0.0,GODREJPROP,Nifty Realty,,
1850,2025-08-11,1973.300048828125,1997.0,1966.699951171875,1990.9000244140625,1286199,0.0,0.0,GODREJPROP,Nifty Realty,,
1851,2025-08-12,1990.0,1990.9000244140625,1945.0,1948.800048828125,1127245,0.0,0.0,GODREJPROP,Nifty Realty,,
1852,2025-08-13,1955.0999755859373,1977.9000244140625,1948.5999755859373,1960.0999755859373,1298604,0.0,0.0,GODREJPROP,Nifty Realty,,
1853,2025-08-14,1961.0,1973.9000244140625,1934.800048828125,1936.5999755859373,341127,0.0,0.0,GODREJPROP,Nifty Realty,,
1854,2025-08-04,103.38999938964844,104.43000030517578,101.5999984741211,102.79000091552734,3853332,0.0,0.0,IBREALEST,Nifty Realty,,0.0
1855,2025-08-05,103.0500030517578,104.88999938964844,102.0,102.87999725341795,2788881,0.0,0.0,IBREALEST,Nifty Realty,,0.0
1856,2025-08-06,103.0,103.29000091552734,98.3000030517578,99.33999633789062,4738724,0.0,0.0,IBREALEST,Nifty Realty,,0.0
1857,2025-08-07,98.9499969482422,99.33999633789062,96.1999969482422,98.7300033569336,3942326,0.0,0.0,IBREALEST,Nifty Realty,,0.0
1858,2025-08-08,99.1500015258789,99.54000091552734,95.0,95.8499984741211,3059985,0.0,0.0,IBREALEST,Nifty Realty,,0.0
1859,2025-08-11,95.8499984741211,96.2300033569336,93.8499984741211,95.1999969482422,4293283,0.0,0.0,IBREALEST,Nifty Realty,,0.0
1860,2025-08-12,92.0,95.9000015258789,91.13999938964844,93.5999984741211,6272151,0.0,0.0,IBREALEST,Nifty Realty,,0.0
1861,2025-08-13,94.0,94.27999877929688,92.0500030517578,93.76000213623048,3297462,0.0,0.0,IBREALEST,Nifty Realty,,0.0
1862,2025-08-14,93.76000213623048,95.7300033569336,93.04000091552734,93.4800033569336,2539914,0.0,0.0,IBREALEST,Nifty Realty,,0.0
1863,2025-08-04,1596.199951171875,1614.4000244140625,1581.5,1609.5999755859375,566757,0.0,0.0,OBEROIRLTY,Nifty Realty,,
1864,2025-08-05,1609.5999755859375,1615.5999755859375,1585.0,1608.5999755859375,441716,0.0,0.0,OBEROIRLTY,Nifty Realty,,
1865,2025-08-06,1609.0,1617.9000244140625,1584.4000244140625,1604.5,492717,0.0,0.0,OBEROIRLTY,Nifty Realty,,
1866,2025-08-07,1600.800048828125,1613.5999755859375,1589.5,1610.5,359864,0.0,0.0,OBEROIRLTY,Nifty Realty,,
1867,2025-08-08,1608.0,1616.699951171875,1563.5,1571.300048828125,616455,0.0,0.0,OBEROIRLTY,Nifty Realty,,
1868,2025-08-11,1567.4000244140625,1612.5,1564.300048828125,1610.699951171875,312265,0.0,0.0,OBEROIRLTY,Nifty Realty,,
1869,2025-08-12,1619.0,1631.0,1598.699951171875,1613.9000244140625,309489,0.0,0.0,OBEROIRLTY,Nifty Realty,,
1870,2025-08-13,1616.0,1641.0,1616.0,1626.699951171875,307027,0.0,0.0,OBEROIRLTY,Nifty Realty,,
1871,2025-08-14,1622.5999755859375,1635.0,1614.300048828125,1619.199951171875,319944,0.0,0.0,OBEROIRLTY,Nifty Realty,,
1872,2025-08-04,1451.0,1481.9000244140625,1441.0,1474.199951171875,325523,0.0,0.0,PHOENIXLTD,Nifty Realty,,
1873,2025-08-05,1475.699951171875,1482.0,1458.0999755859375,1476.0999755859375,186300,0.0,0.0,PHOENIXLTD,Nifty Realty,,
1874,2025-08-06,1479.0,1479.0,1433.5,1448.199951171875,434799,0.0,0.0,PHOENIXLTD,Nifty Realty,,
1875,2025-08-07,1430.0,1464.0,1424.5,1456.800048828125,558619,0.0,0.0,PHOENIXLTD,Nifty Realty,,
1876,2025-08-08,1445.0999755859375,1458.5,1408.0,1417.300048828125,546363,0.0,0.0,PHOENIXLTD,Nifty Realty,,
1877,2025-08-11,1414.0,1448.0,1402.5,1437.300048828125,909637,0.0,0.0,PHOENIXLTD,Nifty Realty,,
1878,2025-08-12,1437.300048828125,1442.0,1416.300048828125,1439.199951171875,508486,0.0,0.0,PHOENIXLTD,Nifty Realty,,
1879,2025-08-13,1439.199951171875,1464.800048828125,1431.0,1436.9000244140625,366585,0.0,0.0,PHOENIXLTD,Nifty Realty,,
1880,2025-08-14,1447.0,1448.0,1420.199951171875,1430.0,271178,0.0,0.0,PHOENIXLTD,Nifty Realty,,
1881,2025-08-04,1603.0,1641.800048828125,1597.800048828125,1632.800048828125,382416,0.0,0.0,PRESTIGE,Nifty Realty,,
1882,2025-08-05,1635.9000244140625,1641.9000244140625,1598.199951171875,1608.9000244140625,284943,0.0,0.0,PRESTIGE,Nifty Realty,,
1883,2025-08-06,1620.0,1629.800048828125,1538.300048828125,1604.5999755859375,1467226,0.0,0.0,PRESTIGE,Nifty Realty,,
1884,2025-08-07,1604.800048828125,1634.5,1590.199951171875,1629.5,828095,0.0,0.0,PRESTIGE,Nifty Realty,,
1885,2025-08-08,1625.0,1630.4000244140625,1590.800048828125,1603.5999755859375,888624,0.0,0.0,PRESTIGE,Nifty Realty,,
1886,2025-08-11,1603.699951171875,1659.4000244140625,1598.0,1652.800048828125,860108,0.0,0.0,PRESTIGE,Nifty Realty,,
1887,2025-08-12,1652.800048828125,1658.199951171875,1625.0,1630.800048828125,219448,0.0,0.0,PRESTIGE,Nifty Realty,,
1888,2025-08-13,1630.0999755859375,1645.800048828125,1618.800048828125,1628.9000244140625,668089,0.0,0.0,PRESTIGE,Nifty Realty,,
1889,2025-08-14,1630.0,1639.9000244140625,1596.0,1600.9000244140625,309115,0.0,0.0,PRESTIGE,Nifty Realty,,
1890,2025-08-04,1580.0,1588.9000244140625,1550.0,1567.800048828125,88873,0.0,0.0,SOBHA,Nifty Realty,,
1891,2025-08-05,1568.0,1630.0,1558.4000244140625,1593.0999755859375,105554,0.0,0.0,SOBHA,Nifty Realty,,
1892,2025-08-06,1607.0,1612.5,1555.0,1563.0999755859375,120011,0.0,0.0,SOBHA,Nifty Realty,,
1893,2025-08-07,1565.0,1574.9000244140625,1523.199951171875,1560.0,129289,0.0,0.0,SOBHA,Nifty Realty,,
1894,2025-08-08,1565.9000244140625,1565.9000244140625,1490.0,1512.0999755859375,304281,0.0,0.0,SOBHA,Nifty Realty,,
1895,2025-08-11,1513.199951171875,1532.699951171875,1501.199951171875,1513.300048828125,117457,0.0,0.0,SOBHA,Nifty Realty,,
1896,2025-08-12,1526.4000244140625,1530.0,1488.0,1508.199951171875,87519,0.0,0.0,SOBHA,Nifty Realty,,
1897,2025-08-13,1522.9000244140625,1529.0,1502.5,1520.800048828125,66956,0.0,0.0,SOBHA,Nifty Realty,,
1898,2025-08-14,1529.800048828125,1546.9000244140625,1514.0999755859375,1534.0999755859375,95359,0.0,0.0,SOBHA,Nifty Realty,,
